Komoditas,TGl,Harga
Cabe Rawit Merah,01/01/20,46200
Cabe Rawit Merah,02/01/20,43920
Cabe Rawit Merah,03/01/20,44056
Cabe Rawit Merah,04/01/20,
Cabe Rawit Merah,05/01/20,
Cabe Rawit Merah,06/01/20,48436
Cabe Rawit Merah,07/01/20,49808
Cabe Rawit Merah,08/01/20,49343
Cabe Rawit Merah,09/01/20,49092
Cabe Rawit Merah,10/01/20,49312
Cabe Rawit Merah,11/01/20,
Cabe Rawit Merah,12/01/20,
Cabe Rawit Merah,13/01/20,51362
Cabe Rawit Merah,14/01/20,53648
Cabe Rawit Merah,15/01/20,54770
Cabe Rawit Merah,16/01/20,56750
Cabe Rawit Merah,17/01/20,57854
Cabe Rawit Merah,18/01/20,
Cabe Rawit Merah,19/01/20,
Cabe Rawit Merah,20/01/20,61153
Cabe Rawit Merah,21/01/20,62804
Cabe Rawit Merah,22/01/20,64740
Cabe Rawit Merah,23/01/20,67554
Cabe Rawit Merah,24/01/20,65439
Cabe Rawit Merah,25/01/20,
Cabe Rawit Merah,26/01/20,70000
Cabe Rawit Merah,27/01/20,66197
Cabe Rawit Merah,28/01/20,67602
Cabe Rawit Merah,29/01/20,67013
Cabe Rawit Merah,30/01/20,67449
Cabe Rawit Merah,31/01/20,67936
Cabe Rawit Merah,01/02/20,
Cabe Rawit Merah,02/02/20,
Cabe Rawit Merah,03/02/20,67228
Cabe Rawit Merah,04/02/20,67369
Cabe Rawit Merah,05/02/20,65853
Cabe Rawit Merah,06/02/20,65028
Cabe Rawit Merah,07/02/20,65248
Cabe Rawit Merah,08/02/20,60000
Cabe Rawit Merah,09/02/20,
Cabe Rawit Merah,10/02/20,62382
Cabe Rawit Merah,11/02/20,61467
Cabe Rawit Merah,12/02/20,59015
Cabe Rawit Merah,13/02/20,58671
Cabe Rawit Merah,14/02/20,58227
Cabe Rawit Merah,15/02/20,
Cabe Rawit Merah,16/02/20,
Cabe Rawit Merah,17/02/20,52973
Cabe Rawit Merah,18/02/20,51428
Cabe Rawit Merah,19/02/20,50909
Cabe Rawit Merah,20/02/20,47463
Cabe Rawit Merah,21/02/20,46878
Cabe Rawit Merah,22/02/20,28000
Cabe Rawit Merah,23/02/20,
Cabe Rawit Merah,24/02/20,44266
Cabe Rawit Merah,25/02/20,43942
Cabe Rawit Merah,26/02/20,43652
Cabe Rawit Merah,27/02/20,42804
Cabe Rawit Merah,28/02/20,43315
Cabe Rawit Merah,29/02/20,143900
Cabe Rawit Merah,01/03/20,
Cabe Rawit Merah,02/03/20,42118
Cabe Rawit Merah,03/03/20,43395
Cabe Rawit Merah,04/03/20,40804
Cabe Rawit Merah,05/03/20,41085
Cabe Rawit Merah,06/03/20,41266
Cabe Rawit Merah,07/03/20,
Cabe Rawit Merah,08/03/20,143900
Cabe Rawit Merah,09/03/20,41479
Cabe Rawit Merah,10/03/20,41852
Cabe Rawit Merah,11/03/20,41812
Cabe Rawit Merah,12/03/20,41443
Cabe Rawit Merah,13/03/20,42046
Cabe Rawit Merah,14/03/20,
Cabe Rawit Merah,15/03/20,
Cabe Rawit Merah,16/03/20,43554
Cabe Rawit Merah,17/03/20,45548
Cabe Rawit Merah,18/03/20,46177
Cabe Rawit Merah,19/03/20,47878
Cabe Rawit Merah,20/03/20,47821
Cabe Rawit Merah,21/03/20,
Cabe Rawit Merah,22/03/20,
Cabe Rawit Merah,23/03/20,47625
Cabe Rawit Merah,24/03/20,48132
Cabe Rawit Merah,25/03/20,40958
Cabe Rawit Merah,26/03/20,49909
Cabe Rawit Merah,27/03/20,50245
Cabe Rawit Merah,28/03/20,
Cabe Rawit Merah,29/03/20,
Cabe Rawit Merah,30/03/20,51800
Cabe Rawit Merah,31/03/20,51065
Cabe Rawit Merah,01/04/20,51664
Cabe Rawit Merah,02/04/20,53149
Cabe Rawit Merah,03/04/20,54460
Cabe Rawit Merah,04/04/20,
Cabe Rawit Merah,05/04/20,
Cabe Rawit Merah,06/04/20,53630
Cabe Rawit Merah,07/04/20,53302
Cabe Rawit Merah,08/04/20,53788
Cabe Rawit Merah,09/04/20,52797
Cabe Rawit Merah,10/04/20,65000
Cabe Rawit Merah,11/04/20,37500
Cabe Rawit Merah,12/04/20,
Cabe Rawit Merah,13/04/20,49592
Cabe Rawit Merah,14/04/20,48631
Cabe Rawit Merah,15/04/20,47718
Cabe Rawit Merah,16/04/20,46830
Cabe Rawit Merah,17/04/20,46014
Cabe Rawit Merah,18/04/20,39000
Cabe Rawit Merah,19/04/20,
Cabe Rawit Merah,20/04/20,44516
Cabe Rawit Merah,21/04/20,44141
Cabe Rawit Merah,22/04/20,45069
Cabe Rawit Merah,23/04/20,42983
Cabe Rawit Merah,24/04/20,41896
Cabe Rawit Merah,25/04/20,
Cabe Rawit Merah,26/04/20,
Cabe Rawit Merah,27/04/20,41157
Cabe Rawit Merah,28/04/20,41090
Cabe Rawit Merah,29/04/20,39117
Cabe Rawit Merah,30/04/20,38650
Cabe Rawit Merah,01/05/20,34700
Cabe Rawit Merah,02/05/20,32500
Cabe Rawit Merah,03/05/20,
Cabe Rawit Merah,04/05/20,36689
Cabe Rawit Merah,05/05/20,36322
Cabe Rawit Merah,06/05/20,36091
Cabe Rawit Merah,07/05/20,32115
Cabe Rawit Merah,08/05/20,35103
Cabe Rawit Merah,09/05/20,
Cabe Rawit Merah,10/05/20,
Cabe Rawit Merah,11/05/20,36062
Cabe Rawit Merah,12/05/20,36557
Cabe Rawit Merah,13/05/20,36065
Cabe Rawit Merah,14/05/20,35409
Cabe Rawit Merah,15/05/20,33386
Cabe Rawit Merah,16/05/20,75000
Cabe Rawit Merah,17/05/20,
Cabe Rawit Merah,18/05/20,32773
Cabe Rawit Merah,19/05/20,33395
Cabe Rawit Merah,20/05/20,34284
Cabe Rawit Merah,21/05/20,32705
Cabe Rawit Merah,22/05/20,35831
Cabe Rawit Merah,23/05/20,36907
Cabe Rawit Merah,24/05/20,41000
Cabe Rawit Merah,25/05/20,41263
Cabe Rawit Merah,26/05/20,42425
Cabe Rawit Merah,27/05/20,43988
Cabe Rawit Merah,28/05/20,41603
Cabe Rawit Merah,29/05/20,39527
Cabe Rawit Merah,30/05/20,32966
Cabe Rawit Merah,31/05/20,32704
Cabe Rawit Merah,01/06/20,32821
Cabe Rawit Merah,02/06/20,35959
Cabe Rawit Merah,03/06/20,35701
Cabe Rawit Merah,04/06/20,35960
Cabe Rawit Merah,05/06/20,35566
Cabe Rawit Merah,06/06/20,
Cabe Rawit Merah,07/06/20,
Cabe Rawit Merah,08/06/20,35613
Cabe Rawit Merah,09/06/20,36328
Cabe Rawit Merah,10/06/20,37584
Cabe Rawit Merah,11/06/20,36641
Cabe Rawit Merah,12/06/20,36367
Cabe Rawit Merah,13/06/20,
Cabe Rawit Merah,14/06/20,
Cabe Rawit Merah,15/06/20,35878
Cabe Rawit Merah,16/06/20,36449
Cabe Rawit Merah,17/06/20,35959
Cabe Rawit Merah,18/06/20,35161
Cabe Rawit Merah,19/06/20,35483
Cabe Rawit Merah,20/06/20,
Cabe Rawit Merah,21/06/20,
Cabe Rawit Merah,22/06/20,35714
Cabe Rawit Merah,23/06/20,35504
Cabe Rawit Merah,24/06/20,34792
Cabe Rawit Merah,25/06/20,34387
Cabe Rawit Merah,26/06/20,34688
Cabe Rawit Merah,27/06/20,
Cabe Rawit Merah,28/06/20,
Cabe Rawit Merah,29/06/20,34856
Cabe Rawit Merah,30/06/20,34768
Cabe Rawit Merah,01/07/20,34829
Cabe Rawit Merah,02/07/20,34796
Cabe Rawit Merah,03/07/20,34648
Cabe Rawit Merah,04/07/20,
Cabe Rawit Merah,05/07/20,
Cabe Rawit Merah,06/07/20,34877
Cabe Rawit Merah,07/07/20,35672
Cabe Rawit Merah,08/07/20,35827
Cabe Rawit Merah,09/07/20,35900
Cabe Rawit Merah,10/07/20,35832
Cabe Rawit Merah,11/07/20,
Cabe Rawit Merah,12/07/20,81900
Cabe Rawit Merah,13/07/20,35712
Cabe Rawit Merah,14/07/20,36298
Cabe Rawit Merah,15/07/20,35719
Cabe Rawit Merah,16/07/20,35522
Cabe Rawit Merah,17/07/20,35753
Cabe Rawit Merah,18/07/20,
Cabe Rawit Merah,19/07/20,
Cabe Rawit Merah,20/07/20,35329
Cabe Rawit Merah,21/07/20,35561
Cabe Rawit Merah,22/07/20,35089
Cabe Rawit Merah,23/07/20,35116
Cabe Rawit Merah,24/07/20,35314
Cabe Rawit Merah,25/07/20,
Cabe Rawit Merah,26/07/20,
Cabe Rawit Merah,27/07/20,35547
Cabe Rawit Merah,28/07/20,35332
Cabe Rawit Merah,29/07/20,36578
Cabe Rawit Merah,30/07/20,36448
Cabe Rawit Merah,31/07/20,
Cabe Rawit Merah,01/08/20,
Cabe Rawit Merah,02/08/20,
Cabe Rawit Merah,03/08/20,37957
Cabe Rawit Merah,04/08/20,37921
Cabe Rawit Merah,05/08/20,37382
Cabe Rawit Merah,06/08/20,37151
Cabe Rawit Merah,07/08/20,36488
Cabe Rawit Merah,08/08/20,
Cabe Rawit Merah,09/08/20,
Cabe Rawit Merah,10/08/20,36399
Cabe Rawit Merah,11/08/20,36015
Cabe Rawit Merah,12/08/20,35870
Cabe Rawit Merah,13/08/20,35415
Cabe Rawit Merah,14/08/20,35180
Cabe Rawit Merah,15/08/20,
Cabe Rawit Merah,16/08/20,
Cabe Rawit Merah,17/08/20,34214
Cabe Rawit Merah,18/08/20,34787
Cabe Rawit Merah,19/08/20,34372
Cabe Rawit Merah,20/08/20,32133
Cabe Rawit Merah,21/08/20,
Cabe Rawit Merah,22/08/20,
Cabe Rawit Merah,23/08/20,
Cabe Rawit Merah,24/08/20,33902
Cabe Rawit Merah,25/08/20,33069
Cabe Rawit Merah,26/08/20,33566
Cabe Rawit Merah,27/08/20,33255
Cabe Rawit Merah,28/08/20,33081
Cabe Rawit Merah,29/08/20,
Cabe Rawit Merah,30/08/20,
Cabe Rawit Merah,31/08/20,34017
Cabe Rawit Merah,01/09/20,34207
Cabe Rawit Merah,02/09/20,33897
Cabe Rawit Merah,03/09/20,34030
Cabe Rawit Merah,04/09/20,34366
Cabe Rawit Merah,05/09/20,
Cabe Rawit Merah,06/09/20,56900
Cabe Rawit Merah,07/09/20,35233
Cabe Rawit Merah,08/09/20,35457
Cabe Rawit Merah,09/09/20,35242
Cabe Rawit Merah,10/09/20,34777
Cabe Rawit Merah,11/09/20,34405
Cabe Rawit Merah,12/09/20,
Cabe Rawit Merah,13/09/20,
Cabe Rawit Merah,14/09/20,34241
Cabe Rawit Merah,15/09/20,33571
Cabe Rawit Merah,16/09/20,33686
Cabe Rawit Merah,17/09/20,33633
Cabe Rawit Merah,18/09/20,33930
Cabe Rawit Merah,19/09/20,
Cabe Rawit Merah,20/09/20,
Cabe Rawit Merah,21/09/20,32804
Cabe Rawit Merah,22/09/20,32712
Cabe Rawit Merah,23/09/20,32811
Cabe Rawit Merah,24/09/20,32967
Cabe Rawit Merah,25/09/20,32548
Cabe Rawit Merah,26/09/20,
Cabe Rawit Merah,27/09/20,51900
Cabe Rawit Merah,28/09/20,33206
Cabe Rawit Merah,29/09/20,33415
Cabe Rawit Merah,30/09/20,33741
Cabe Rawit Merah,01/10/20,34108
Cabe Rawit Merah,02/10/20,33590
Cabe Rawit Merah,03/10/20,
Cabe Rawit Merah,04/10/20,
Cabe Rawit Merah,05/10/20,34105
Cabe Rawit Merah,06/10/20,34169
Cabe Rawit Merah,07/10/20,34385
Cabe Rawit Merah,08/10/20,33984
Cabe Rawit Merah,09/10/20,33658
Cabe Rawit Merah,10/10/20,
Cabe Rawit Merah,11/10/20,
Cabe Rawit Merah,12/10/20,35152
Cabe Rawit Merah,13/10/20,38429
Cabe Rawit Merah,14/10/20,34937
Cabe Rawit Merah,15/10/20,35079
Cabe Rawit Merah,16/10/20,34531
Cabe Rawit Merah,17/10/20,
Cabe Rawit Merah,18/10/20,
Cabe Rawit Merah,19/10/20,35307
Cabe Rawit Merah,20/10/20,35150
Cabe Rawit Merah,21/10/20,35441
Cabe Rawit Merah,22/10/20,35261
Cabe Rawit Merah,23/10/20,35832
Cabe Rawit Merah,24/10/20,
Cabe Rawit Merah,25/10/20,
Cabe Rawit Merah,26/10/20,36352
Cabe Rawit Merah,27/10/20,36628
Cabe Rawit Merah,28/10/20,58083
Cabe Rawit Merah,29/10/20,
Cabe Rawit Merah,30/10/20,36410
Cabe Rawit Merah,31/10/20,
Cabe Rawit Merah,01/11/20,
Cabe Rawit Merah,02/11/20,37811
Cabe Rawit Merah,03/11/20,37668
Cabe Rawit Merah,04/11/20,38104
Cabe Rawit Merah,05/11/20,38263
Cabe Rawit Merah,06/11/20,37841
Cabe Rawit Merah,07/11/20,
Cabe Rawit Merah,08/11/20,49900
Cabe Rawit Merah,09/11/20,39078
Cabe Rawit Merah,10/11/20,39675
Cabe Rawit Merah,11/11/20,39421
Cabe Rawit Merah,12/11/20,39868
Cabe Rawit Merah,13/11/20,40046
Cabe Rawit Merah,14/11/20,
Cabe Rawit Merah,15/11/20,
Cabe Rawit Merah,16/11/20,39561
Cabe Rawit Merah,17/11/20,39360
Cabe Rawit Merah,18/11/20,39137
Cabe Rawit Merah,19/11/20,39101
Cabe Rawit Merah,20/11/20,38833
Cabe Rawit Merah,21/11/20,
Cabe Rawit Merah,22/11/20,
Cabe Rawit Merah,23/11/20,40927
Cabe Rawit Merah,24/11/20,41061
Cabe Rawit Merah,25/11/20,41548
Cabe Rawit Merah,26/11/20,41558
Cabe Rawit Merah,27/11/20,42089
Cabe Rawit Merah,28/11/20,
Cabe Rawit Merah,29/11/20,
Cabe Rawit Merah,30/11/20,44298
Cabe Rawit Merah,01/01/21,
Cabe Rawit Merah,02/01/21,
Cabe Rawit Merah,03/01/21,
Cabe Rawit Merah,04/01/21,73450
Cabe Rawit Merah,05/01/21,73645
Cabe Rawit Merah,06/01/21,74686
Cabe Rawit Merah,07/01/21,76414
Cabe Rawit Merah,08/01/21,77765
Cabe Rawit Merah,09/01/21,
Cabe Rawit Merah,10/01/21,
Cabe Rawit Merah,11/01/21,78530
Cabe Rawit Merah,12/01/21,79214
Cabe Rawit Merah,13/01/21,79260
Cabe Rawit Merah,14/01/21,79287
Cabe Rawit Merah,15/01/21,78647
Cabe Rawit Merah,16/01/21,
Cabe Rawit Merah,17/01/21,
Cabe Rawit Merah,18/01/21,77309
Cabe Rawit Merah,19/01/21,76422
Cabe Rawit Merah,20/01/21,75854
Cabe Rawit Merah,21/01/21,77010
Cabe Rawit Merah,22/01/21,75908
Cabe Rawit Merah,23/01/21,
Cabe Rawit Merah,24/01/21,
Cabe Rawit Merah,25/01/21,74001
Cabe Rawit Merah,26/01/21,73982
Cabe Rawit Merah,27/01/21,74141
Cabe Rawit Merah,28/01/21,74207
Cabe Rawit Merah,29/01/21,73755
Cabe Rawit Merah,30/01/21,
Cabe Rawit Merah,31/01/21,
Cabe Rawit Merah,01/02/21,73601
Cabe Rawit Merah,02/02/21,73891
Cabe Rawit Merah,03/02/21,75680
Cabe Rawit Merah,04/02/21,74261
Cabe Rawit Merah,05/02/21,74855
Cabe Rawit Merah,06/02/21,
Cabe Rawit Merah,07/02/21,
Cabe Rawit Merah,08/02/21,74816
Cabe Rawit Merah,09/02/21,77290
Cabe Rawit Merah,10/02/21,76133
Cabe Rawit Merah,11/02/21,74607
Cabe Rawit Merah,12/02/21,
Cabe Rawit Merah,13/02/21,
Cabe Rawit Merah,14/02/21,
Cabe Rawit Merah,15/02/21,78013
Cabe Rawit Merah,16/02/21,79781
Cabe Rawit Merah,17/02/21,79783
Cabe Rawit Merah,18/02/21,79425
Cabe Rawit Merah,19/02/21,80768
Cabe Rawit Merah,20/02/21,
Cabe Rawit Merah,21/02/21,
Cabe Rawit Merah,22/02/21,86494
Cabe Rawit Merah,23/02/21,89374
Cabe Rawit Merah,24/02/21,89891
Cabe Rawit Merah,25/02/21,90581
Cabe Rawit Merah,26/02/21,89668
Cabe Rawit Merah,27/02/21,
Cabe Rawit Merah,28/02/21,
Cabe Rawit Merah,01/03/21,91795
Cabe Rawit Merah,02/03/21,92984
Cabe Rawit Merah,03/03/21,94416
Cabe Rawit Merah,04/03/21,95970
Cabe Rawit Merah,05/03/21,90347
Cabe Rawit Merah,06/03/21,
Cabe Rawit Merah,07/03/21,
Cabe Rawit Merah,08/03/21,96650
Cabe Rawit Merah,09/03/21,96834
Cabe Rawit Merah,10/03/21,96808
Cabe Rawit Merah,11/03/21,
Cabe Rawit Merah,12/03/21,96144
Cabe Rawit Merah,13/03/21,
Cabe Rawit Merah,14/03/21,
Cabe Rawit Merah,15/03/21,98621
Cabe Rawit Merah,16/03/21,99162
Cabe Rawit Merah,17/03/21,99603
Cabe Rawit Merah,18/03/21,99435
Cabe Rawit Merah,19/03/21,99382
Cabe Rawit Merah,20/03/21,
Cabe Rawit Merah,21/03/21,
Cabe Rawit Merah,22/03/21,100045
Cabe Rawit Merah,23/03/21,100120
Cabe Rawit Merah,24/03/21,100512
Cabe Rawit Merah,25/03/21,97429
Cabe Rawit Merah,26/03/21,99129
Cabe Rawit Merah,27/03/21,
Cabe Rawit Merah,28/03/21,
Cabe Rawit Merah,29/03/21,96153
Cabe Rawit Merah,30/03/21,93240
Cabe Rawit Merah,31/03/21,90596
Cabe Rawit Merah,01/04/21,88479
Cabe Rawit Merah,02/04/21,78031
Cabe Rawit Merah,03/04/21,
Cabe Rawit Merah,04/04/21,
Cabe Rawit Merah,05/04/21,83943
Cabe Rawit Merah,06/04/21,84899
Cabe Rawit Merah,07/04/21,84712
Cabe Rawit Merah,08/04/21,84129
Cabe Rawit Merah,09/04/21,83553
Cabe Rawit Merah,10/04/21,
Cabe Rawit Merah,11/04/21,
Cabe Rawit Merah,12/04/21,81918
Cabe Rawit Merah,13/04/21,81026
Cabe Rawit Merah,14/04/21,80775
Cabe Rawit Merah,15/04/21,81528
Cabe Rawit Merah,16/04/21,80852
Cabe Rawit Merah,17/04/21,
Cabe Rawit Merah,18/04/21,
Cabe Rawit Merah,19/04/21,74670
Cabe Rawit Merah,20/04/21,72836
Cabe Rawit Merah,21/04/21,71296
Cabe Rawit Merah,22/04/21,69866
Cabe Rawit Merah,23/04/21,66990
Cabe Rawit Merah,24/04/21,
Cabe Rawit Merah,25/04/21,
Cabe Rawit Merah,26/04/21,65255
Cabe Rawit Merah,27/04/21,63445
Cabe Rawit Merah,28/04/21,63515
Cabe Rawit Merah,29/04/21,63131
Cabe Rawit Merah,30/04/21,62234
Cabe Rawit Merah,01/05/21,
Cabe Rawit Merah,02/05/21,
Cabe Rawit Merah,03/05/21,65737
Cabe Rawit Merah,04/05/21,66143
Cabe Rawit Merah,05/05/21,65320
Cabe Rawit Merah,06/05/21,66475
Cabe Rawit Merah,07/05/21,66060
Cabe Rawit Merah,08/05/21,
Cabe Rawit Merah,09/05/21,
Cabe Rawit Merah,10/05/21,72227
Cabe Rawit Merah,11/05/21,73930
Cabe Rawit Merah,12/05/21,74375
Cabe Rawit Merah,13/05/21,
Cabe Rawit Merah,14/05/21,77944
Cabe Rawit Merah,15/05/21,75945
Cabe Rawit Merah,16/05/21,74510
Cabe Rawit Merah,17/05/21,70149
Cabe Rawit Merah,18/05/21,67465
Cabe Rawit Merah,19/05/21,65354
Cabe Rawit Merah,20/05/21,62761
Cabe Rawit Merah,21/05/21,60491
Cabe Rawit Merah,22/05/21,
Cabe Rawit Merah,23/05/21,
Cabe Rawit Merah,24/05/21,57000
Cabe Rawit Merah,25/05/21,55974
Cabe Rawit Merah,26/05/21,
Cabe Rawit Merah,27/05/21,54200
Cabe Rawit Merah,28/05/21,52864
Cabe Rawit Merah,29/05/21,
Cabe Rawit Merah,30/05/21,
Cabe Rawit Merah,31/05/21,52927
Cabe Rawit Merah,01/06/21,
Cabe Rawit Merah,02/06/21,52260
Cabe Rawit Merah,03/06/21,52425
Cabe Rawit Merah,04/06/21,51866
Cabe Rawit Merah,05/06/21,
Cabe Rawit Merah,06/06/21,
Cabe Rawit Merah,07/06/21,52405
Cabe Rawit Merah,08/06/21,52106
Cabe Rawit Merah,09/06/21,51899
Cabe Rawit Merah,10/06/21,50127
Cabe Rawit Merah,11/06/21,51089
Cabe Rawit Merah,12/06/21,
Cabe Rawit Merah,13/06/21,
Cabe Rawit Merah,14/06/21,51923
Cabe Rawit Merah,15/06/21,51475
Cabe Rawit Merah,16/06/21,51274
Cabe Rawit Merah,17/06/21,53487
Cabe Rawit Merah,18/06/21,53675
Cabe Rawit Merah,19/06/21,
Cabe Rawit Merah,20/06/21,
Cabe Rawit Merah,21/06/21,57009
Cabe Rawit Merah,22/06/21,56697
Cabe Rawit Merah,23/06/21,56925
Cabe Rawit Merah,24/06/21,58767
Cabe Rawit Merah,25/06/21,59651
Cabe Rawit Merah,26/06/21,
Cabe Rawit Merah,27/06/21,
Cabe Rawit Merah,28/06/21,63710
Cabe Rawit Merah,29/06/21,65377
Cabe Rawit Merah,30/06/21,67277
Cabe Rawit Merah,01/07/21,67819
Cabe Rawit Merah,02/07/21,67657
Cabe Rawit Merah,03/07/21,
Cabe Rawit Merah,04/07/21,
Cabe Rawit Merah,05/07/21,68212
Cabe Rawit Merah,06/07/21,68619
Cabe Rawit Merah,07/07/21,68635
Cabe Rawit Merah,08/07/21,69470
Cabe Rawit Merah,09/07/21,69513
Cabe Rawit Merah,10/07/21,
Cabe Rawit Merah,11/07/21,
Cabe Rawit Merah,12/07/21,69202
Cabe Rawit Merah,13/07/21,69713
Cabe Rawit Merah,14/07/21,70213
Cabe Rawit Merah,15/07/21,70359
Cabe Rawit Merah,16/07/21,70280
Cabe Rawit Merah,17/07/21,
Cabe Rawit Merah,18/07/21,
Cabe Rawit Merah,19/07/21,70980
Cabe Rawit Merah,20/07/21,
Cabe Rawit Merah,21/07/21,70421
Cabe Rawit Merah,22/07/21,71344
Cabe Rawit Merah,23/07/21,71037
Cabe Rawit Merah,24/07/21,
Cabe Rawit Merah,25/07/21,
Cabe Rawit Merah,26/07/21,66567
Cabe Rawit Merah,27/07/21,65293
Cabe Rawit Merah,28/07/21,63545
Cabe Rawit Merah,29/07/21,62082
Cabe Rawit Merah,30/07/21,59713
Cabe Rawit Merah,31/07/21,
Cabe Rawit Merah,01/08/21,
Cabe Rawit Merah,02/08/21,57170
Cabe Rawit Merah,03/08/21,56447
Cabe Rawit Merah,04/08/21,55779
Cabe Rawit Merah,05/08/21,54257
Cabe Rawit Merah,06/08/21,55475
Cabe Rawit Merah,07/08/21,
Cabe Rawit Merah,08/08/21,
Cabe Rawit Merah,09/08/21,53807
Cabe Rawit Merah,10/08/21,51726
Cabe Rawit Merah,11/08/21,
Cabe Rawit Merah,12/08/21,51182
Cabe Rawit Merah,13/08/21,49963
Cabe Rawit Merah,14/08/21,
Cabe Rawit Merah,15/08/21,
Cabe Rawit Merah,16/08/21,49790
Cabe Rawit Merah,17/08/21,
Cabe Rawit Merah,18/08/21,48524
Cabe Rawit Merah,19/08/21,46004
Cabe Rawit Merah,20/08/21,45397
Cabe Rawit Merah,21/08/21,
Cabe Rawit Merah,22/08/21,
Cabe Rawit Merah,23/08/21,46631
Cabe Rawit Merah,24/08/21,44895
Cabe Rawit Merah,25/08/21,45087
Cabe Rawit Merah,26/08/21,44043
Cabe Rawit Merah,27/08/21,43231
Cabe Rawit Merah,28/08/21,
Cabe Rawit Merah,29/08/21,
Cabe Rawit Merah,30/08/21,40793
Cabe Rawit Merah,31/08/21,41135
Cabe Rawit Merah,01/09/21,41871
Cabe Rawit Merah,02/09/21,41537
Cabe Rawit Merah,03/09/21,40845
Cabe Rawit Merah,04/09/21,
Cabe Rawit Merah,05/09/21,
Cabe Rawit Merah,06/09/21,38946
Cabe Rawit Merah,07/09/21,38374
Cabe Rawit Merah,08/09/21,38838
Cabe Rawit Merah,09/09/21,38115
Cabe Rawit Merah,10/09/21,37362
Cabe Rawit Merah,11/09/21,
Cabe Rawit Merah,12/09/21,
Cabe Rawit Merah,13/09/21,36487
Cabe Rawit Merah,14/09/21,37572
Cabe Rawit Merah,15/09/21,37420
Cabe Rawit Merah,16/09/21,36847
Cabe Rawit Merah,17/09/21,37412
Cabe Rawit Merah,18/09/21,
Cabe Rawit Merah,19/09/21,
Cabe Rawit Merah,20/09/21,36769
Cabe Rawit Merah,21/09/21,36822
Cabe Rawit Merah,22/09/21,37486
Cabe Rawit Merah,23/09/21,37567
Cabe Rawit Merah,24/09/21,37529
Cabe Rawit Merah,25/09/21,
Cabe Rawit Merah,26/09/21,
Cabe Rawit Merah,27/09/21,38379
Cabe Rawit Merah,28/09/21,36448
Cabe Rawit Merah,29/09/21,36542
Cabe Rawit Merah,30/09/21,38114
Cabe Rawit Merah,01/10/21,38332
Cabe Rawit Merah,02/10/21,
Cabe Rawit Merah,03/10/21,
Cabe Rawit Merah,04/10/21,39162
Cabe Rawit Merah,05/10/21,40052
Cabe Rawit Merah,06/10/21,39200
Cabe Rawit Merah,07/10/21,39722
Cabe Rawit Merah,08/10/21,40181
Cabe Rawit Merah,09/10/21,
Cabe Rawit Merah,10/10/21,
Cabe Rawit Merah,11/10/21,40480
Cabe Rawit Merah,12/10/21,40326
Cabe Rawit Merah,13/10/21,40856
Cabe Rawit Merah,14/10/21,40767
Cabe Rawit Merah,15/10/21,40823
Cabe Rawit Merah,16/10/21,
Cabe Rawit Merah,17/10/21,
Cabe Rawit Merah,18/10/21,40487
Cabe Rawit Merah,19/10/21,41100
Cabe Rawit Merah,20/10/21,
Cabe Rawit Merah,21/10/21,40890
Cabe Rawit Merah,22/10/21,40384
Cabe Rawit Merah,23/10/21,
Cabe Rawit Merah,24/10/21,
Cabe Rawit Merah,25/10/21,38795
Cabe Rawit Merah,26/10/21,39601
Cabe Rawit Merah,27/10/21,39183
Cabe Rawit Merah,28/10/21,39397
Cabe Rawit Merah,29/10/21,39118
Cabe Rawit Merah,30/10/21,
Cabe Rawit Merah,31/10/21,
Cabe Rawit Merah,01/11/21,38843
Cabe Rawit Merah,02/11/21,38906
Cabe Rawit Merah,03/11/21,36440
Cabe Rawit Merah,04/11/21,36332
Cabe Rawit Merah,05/11/21,36409
Cabe Rawit Merah,06/11/21,
Cabe Rawit Merah,07/11/21,
Cabe Rawit Merah,08/11/21,36837
Cabe Rawit Merah,09/11/21,36697
Cabe Rawit Merah,10/11/21,36731
Cabe Rawit Merah,11/11/21,37373
Cabe Rawit Merah,12/11/21,36993
Cabe Rawit Merah,13/11/21,
Cabe Rawit Merah,14/11/21,
Cabe Rawit Merah,15/11/21,36983
Cabe Rawit Merah,16/11/21,37482
Cabe Rawit Merah,17/11/21,37168
Cabe Rawit Merah,18/11/21,37180
Cabe Rawit Merah,19/11/21,37689
Cabe Rawit Merah,20/11/21,
Cabe Rawit Merah,21/11/21,
Cabe Rawit Merah,22/11/21,41225
Cabe Rawit Merah,23/11/21,41990
Cabe Rawit Merah,24/11/21,43283
Cabe Rawit Merah,25/11/21,43209
Cabe Rawit Merah,26/11/21,44178
Cabe Rawit Merah,27/11/21,
Cabe Rawit Merah,28/11/21,
Cabe Rawit Merah,29/11/21,48029
Cabe Rawit Merah,30/11/21,49737
Cabe Rawit Merah,01/12/21,50946
Cabe Rawit Merah,02/12/21,55032
Cabe Rawit Merah,03/12/21,58287
Cabe Rawit Merah,04/12/21,
Cabe Rawit Merah,05/12/21,
Cabe Rawit Merah,06/12/21,67552
Cabe Rawit Merah,07/12/21,70148
Cabe Rawit Merah,08/12/21,71506
Cabe Rawit Merah,09/12/21,74320
Cabe Rawit Merah,10/12/21,75589
Cabe Rawit Merah,11/12/21,
Cabe Rawit Merah,12/12/21,
Cabe Rawit Merah,13/12/21,82253
Cabe Rawit Merah,14/12/21,85678
Cabe Rawit Merah,15/12/21,86478
Cabe Rawit Merah,16/12/21,87421
Cabe Rawit Merah,17/12/21,86854
Cabe Rawit Merah,18/12/21,
Cabe Rawit Merah,19/12/21,
Cabe Rawit Merah,20/12/21,90842
Cabe Rawit Merah,21/12/21,92491
Cabe Rawit Merah,22/12/21,91394
Cabe Rawit Merah,23/12/21,92519
Cabe Rawit Merah,24/12/21,94845
Cabe Rawit Merah,25/12/21,
Cabe Rawit Merah,26/12/21,
Cabe Rawit Merah,27/12/21,95556
Cabe Rawit Merah,28/12/21,96180
Cabe Rawit Merah,29/12/21,93738
Cabe Rawit Merah,30/12/21,92086
Cabe Rawit Merah,31/12/21,88543
Cabe Rawit Merah,01/01/22,
Cabe Rawit Merah,02/01/22,
Cabe Rawit Merah,03/01/22,88123
Cabe Rawit Merah,04/01/22,85690
Cabe Rawit Merah,05/01/22,81638
Cabe Rawit Merah,06/01/22,77387
Cabe Rawit Merah,07/01/22,73772
Cabe Rawit Merah,08/01/22,
Cabe Rawit Merah,09/01/22,
Cabe Rawit Merah,10/01/22,68472
Cabe Rawit Merah,11/01/22,66191
Cabe Rawit Merah,12/01/22,64880
Cabe Rawit Merah,13/01/22,63672
Cabe Rawit Merah,14/01/22,61872
Cabe Rawit Merah,15/01/22,
Cabe Rawit Merah,16/01/22,
Cabe Rawit Merah,17/01/22,60249
Cabe Rawit Merah,18/01/22,59509
Cabe Rawit Merah,19/01/22,57306
Cabe Rawit Merah,20/01/22,56478
Cabe Rawit Merah,21/01/22,55405
Cabe Rawit Merah,22/01/22,
Cabe Rawit Merah,23/01/22,
Cabe Rawit Merah,24/01/22,52103
Cabe Rawit Merah,25/01/22,52134
Cabe Rawit Merah,26/01/22,51236
Cabe Rawit Merah,27/01/22,49073
Cabe Rawit Merah,28/01/22,48327
Cabe Rawit Merah,29/01/22,
Cabe Rawit Merah,30/01/22,
Cabe Rawit Merah,31/01/22,47138
Cabe Rawit Merah,01/02/22,
Cabe Rawit Merah,02/02/22,47236
Cabe Rawit Merah,03/02/22,46926
Cabe Rawit Merah,04/02/22,48244
Cabe Rawit Merah,05/02/22,
Cabe Rawit Merah,06/02/22,
Cabe Rawit Merah,07/02/22,49524
Cabe Rawit Merah,08/02/22,49725
Cabe Rawit Merah,09/02/22,50918
Cabe Rawit Merah,10/02/22,51046
Cabe Rawit Merah,11/02/22,50637
Cabe Rawit Merah,12/02/22,
Cabe Rawit Merah,13/02/22,
Cabe Rawit Merah,14/02/22,52632
Cabe Rawit Merah,15/02/22,52818
Cabe Rawit Merah,16/02/22,53482
Cabe Rawit Merah,17/02/22,54009
Cabe Rawit Merah,18/02/22,54419
Cabe Rawit Merah,19/02/22,
Cabe Rawit Merah,20/02/22,
Cabe Rawit Merah,21/02/22,56962
Cabe Rawit Merah,22/02/22,57540
Cabe Rawit Merah,23/02/22,58665
Cabe Rawit Merah,24/02/22,59317
Cabe Rawit Merah,25/02/22,60223
Cabe Rawit Merah,26/02/22,
Cabe Rawit Merah,27/02/22,
Cabe Rawit Merah,28/02/22,
Cabe Rawit Merah,01/03/22,65151
Cabe Rawit Merah,02/03/22,67336
Cabe Rawit Merah,03/03/22,
Cabe Rawit Merah,04/03/22,69134
Cabe Rawit Merah,05/03/22,
Cabe Rawit Merah,06/03/22,
Cabe Rawit Merah,07/03/22,72646
Cabe Rawit Merah,08/03/22,70778
Cabe Rawit Merah,09/03/22,69992
Cabe Rawit Merah,10/03/22,69495
Cabe Rawit Merah,11/03/22,69480
Cabe Rawit Merah,12/03/22,
Cabe Rawit Merah,13/03/22,
Cabe Rawit Merah,14/03/22,69584
Cabe Rawit Merah,15/03/22,69821
Cabe Rawit Merah,16/03/22,69450
Cabe Rawit Merah,17/03/22,68480
Cabe Rawit Merah,18/03/22,68290
Cabe Rawit Merah,19/03/22,
Cabe Rawit Merah,20/03/22,
Cabe Rawit Merah,21/03/22,66973
Cabe Rawit Merah,22/03/22,66225
Cabe Rawit Merah,23/03/22,65559
Cabe Rawit Merah,24/03/22,64641
Cabe Rawit Merah,25/03/22,64463
Cabe Rawit Merah,26/03/22,
Cabe Rawit Merah,27/03/22,
Cabe Rawit Merah,28/03/22,62539
Cabe Rawit Merah,29/03/22,62788
Cabe Rawit Merah,30/03/22,63400
Cabe Rawit Merah,31/03/22,63773
Cabe Rawit Merah,01/04/22,63079
Cabe Rawit Merah,02/04/22,
Cabe Rawit Merah,03/04/22,
Cabe Rawit Merah,04/04/22,66309
Cabe Rawit Merah,05/04/22,67800
Cabe Rawit Merah,06/04/22,67142
Cabe Rawit Merah,07/04/22,64716
Cabe Rawit Merah,08/04/22,62168
Cabe Rawit Merah,09/04/22,
Cabe Rawit Merah,10/04/22,
Cabe Rawit Merah,11/04/22,57297
Cabe Rawit Merah,12/04/22,56019
Cabe Rawit Merah,13/04/22,53675
Cabe Rawit Merah,14/04/22,52268
Cabe Rawit Merah,15/04/22,51222
Cabe Rawit Merah,16/04/22,
Cabe Rawit Merah,17/04/22,
Cabe Rawit Merah,18/04/22,49395
Cabe Rawit Merah,19/04/22,49325
Cabe Rawit Merah,20/04/22,48300
Cabe Rawit Merah,21/04/22,47181
Cabe Rawit Merah,22/04/22,46812
Cabe Rawit Merah,23/04/22,
Cabe Rawit Merah,24/04/22,
Cabe Rawit Merah,25/04/22,47966
Cabe Rawit Merah,26/04/22,48373
Cabe Rawit Merah,27/04/22,48218
Cabe Rawit Merah,28/04/22,48542
Cabe Rawit Merah,29/04/22,47573
Cabe Rawit Merah,30/04/22,51280
Cabe Rawit Merah,01/05/22,51527
Cabe Rawit Merah,02/05/22,
Cabe Rawit Merah,03/05/22,
Cabe Rawit Merah,04/05/22,52791
Cabe Rawit Merah,05/05/22,50175
Cabe Rawit Merah,06/05/22,49997
Cabe Rawit Merah,07/05/22,47117
Cabe Rawit Merah,08/05/22,47733
Cabe Rawit Merah,09/05/22,47586
Cabe Rawit Merah,10/05/22,47583
Cabe Rawit Merah,11/05/22,46630
Cabe Rawit Merah,12/05/22,46228
Cabe Rawit Merah,13/05/22,45857
Cabe Rawit Merah,14/05/22,
Cabe Rawit Merah,15/05/22,
Cabe Rawit Merah,16/05/22,
Cabe Rawit Merah,17/05/22,47446
Cabe Rawit Merah,18/05/22,46172
Cabe Rawit Merah,19/05/22,47283
Cabe Rawit Merah,20/05/22,48926
Cabe Rawit Merah,21/05/22,
Cabe Rawit Merah,22/05/22,
Cabe Rawit Merah,23/05/22,51524
Cabe Rawit Merah,24/05/22,51763
Cabe Rawit Merah,25/05/22,52914
Cabe Rawit Merah,26/05/22,55947
Cabe Rawit Merah,27/05/22,59884
Cabe Rawit Merah,28/05/22,61400
Cabe Rawit Merah,29/05/22,
Cabe Rawit Merah,30/05/22,
Cabe Rawit Merah,31/05/22,
Cabe Rawit Merah,01/06/22,
Cabe Rawit Merah,02/06/22,64294
Cabe Rawit Merah,03/06/22,66021
Cabe Rawit Merah,04/06/22,
Cabe Rawit Merah,05/06/22,
Cabe Rawit Merah,06/06/22,74405
Cabe Rawit Merah,07/06/22,76743
Cabe Rawit Merah,08/06/22,79218
Cabe Rawit Merah,09/06/22,83596
Cabe Rawit Merah,10/06/22,83565
Cabe Rawit Merah,11/06/22,
Cabe Rawit Merah,12/06/22,
Cabe Rawit Merah,13/06/22,86012
Cabe Rawit Merah,14/06/22,87740
Cabe Rawit Merah,15/06/22,89865
Cabe Rawit Merah,16/06/22,89886
Cabe Rawit Merah,17/06/22,89873
Cabe Rawit Merah,18/06/22,
Cabe Rawit Merah,19/06/22,
Cabe Rawit Merah,20/06/22,92223
Cabe Rawit Merah,21/06/22,92703
Cabe Rawit Merah,22/06/22,93231
Cabe Rawit Merah,23/06/22,92403
Cabe Rawit Merah,24/06/22,93064
Cabe Rawit Merah,25/06/22,
Cabe Rawit Merah,26/06/22,
Cabe Rawit Merah,27/06/22,95129
Cabe Rawit Merah,28/06/22,95091
Cabe Rawit Merah,29/06/22,94877
Cabe Rawit Merah,30/06/22,94036
Cabe Rawit Merah,01/07/22,93991
Cabe Rawit Merah,02/07/22,
Cabe Rawit Merah,03/07/22,
Cabe Rawit Merah,04/07/22,94936
Cabe Rawit Merah,05/07/22,96328
Cabe Rawit Merah,06/07/22,95963
Cabe Rawit Merah,07/07/22,96486
Cabe Rawit Merah,08/07/22,95224
Cabe Rawit Merah,09/07/22,
Cabe Rawit Merah,10/07/22,
Cabe Rawit Merah,11/07/22,99819
Cabe Rawit Merah,12/07/22,101249
Cabe Rawit Merah,13/07/22,101221
Cabe Rawit Merah,14/07/22,96592
Cabe Rawit Merah,15/07/22,94090
Cabe Rawit Merah,16/07/22,
Cabe Rawit Merah,17/07/22,
Cabe Rawit Merah,18/07/22,84078
Cabe Rawit Merah,19/07/22,82698
Cabe Rawit Merah,20/07/22,81425
Cabe Rawit Merah,21/07/22,80026
Cabe Rawit Merah,22/07/22,78061
Cabe Rawit Merah,23/07/22,
Cabe Rawit Merah,24/07/22,
Cabe Rawit Merah,25/07/22,76299
Cabe Rawit Merah,26/07/22,75888
Cabe Rawit Merah,27/07/22,74191
Cabe Rawit Merah,28/07/22,73546
Cabe Rawit Merah,29/07/22,72613
Cabe Rawit Merah,30/07/22,
Cabe Rawit Merah,31/07/22,
Cabe Rawit Merah,01/08/22,72730
Cabe Rawit Merah,02/08/22,72787
Cabe Rawit Merah,03/08/22,72029
Cabe Rawit Merah,04/08/22,72158
Cabe Rawit Merah,05/08/22,71739
Cabe Rawit Merah,06/08/22,
Cabe Rawit Merah,07/08/22,
Cabe Rawit Merah,08/08/22,71320
Cabe Rawit Merah,09/08/22,71700
Cabe Rawit Merah,10/08/22,71574
Cabe Rawit Merah,11/08/22,71431
Cabe Rawit Merah,12/08/22,70301
Cabe Rawit Merah,13/08/22,
Cabe Rawit Merah,14/08/22,
Cabe Rawit Merah,15/08/22,66403
Cabe Rawit Merah,16/08/22,65294
Cabe Rawit Merah,17/08/22,
Cabe Rawit Merah,18/08/22,66461
Cabe Rawit Merah,19/08/22,66206
Cabe Rawit Merah,20/08/22,
Cabe Rawit Merah,21/08/22,
Cabe Rawit Merah,22/08/22,63787
Cabe Rawit Merah,23/08/22,62706
Cabe Rawit Merah,24/08/22,61768
Cabe Rawit Merah,25/08/22,61014
Cabe Rawit Merah,26/08/22,60829
Cabe Rawit Merah,27/08/22,
Cabe Rawit Merah,28/08/22,
Cabe Rawit Merah,29/08/22,59549
Cabe Rawit Merah,30/08/22,60184
Cabe Rawit Merah,31/08/22,59946
Cabe Rawit Merah,01/09/22,61073
Cabe Rawit Merah,02/09/22,60807
Cabe Rawit Merah,03/09/22,
Cabe Rawit Merah,04/09/22,
Cabe Rawit Merah,05/09/22,62567
Cabe Rawit Merah,06/09/22,64272
Cabe Rawit Merah,07/09/22,64945
Cabe Rawit Merah,08/09/22,65127
Cabe Rawit Merah,09/09/22,65420
Cabe Rawit Merah,10/09/22,
Cabe Rawit Merah,11/09/22,
Cabe Rawit Merah,12/09/22,64562
Cabe Rawit Merah,13/09/22,65204
Cabe Rawit Merah,14/09/22,65195
Cabe Rawit Merah,15/09/22,65111
Cabe Rawit Merah,16/09/22,65788
Cabe Rawit Merah,17/09/22,
Cabe Rawit Merah,18/09/22,
Cabe Rawit Merah,19/09/22,68124
Cabe Rawit Merah,20/09/22,68061
Cabe Rawit Merah,21/09/22,67413
Cabe Rawit Merah,22/09/22,67021
Cabe Rawit Merah,23/09/22,66339
Cabe Rawit Merah,24/09/22,
Cabe Rawit Merah,25/09/22,
Cabe Rawit Merah,26/09/22,64362
Cabe Rawit Merah,27/09/22,64659
Cabe Rawit Merah,28/09/22,64329
Cabe Rawit Merah,29/09/22,63906
Cabe Rawit Merah,30/09/22,63786
Cabe Rawit Merah,01/10/22,
Cabe Rawit Merah,02/10/22,
Cabe Rawit Merah,03/10/22,64282
Cabe Rawit Merah,04/10/22,63969
Cabe Rawit Merah,05/10/22,64149
Cabe Rawit Merah,06/10/22,62907
Cabe Rawit Merah,07/10/22,61380
Cabe Rawit Merah,08/10/22,
Cabe Rawit Merah,09/10/22,
Cabe Rawit Merah,10/10/22,61227
Cabe Rawit Merah,11/10/22,61677
Cabe Rawit Merah,12/10/22,60462
Cabe Rawit Merah,13/10/22,59266
Cabe Rawit Merah,14/10/22,58833
Cabe Rawit Merah,15/10/22,
Cabe Rawit Merah,16/10/22,
Cabe Rawit Merah,17/10/22,56484
Cabe Rawit Merah,18/10/22,55072
Cabe Rawit Merah,19/10/22,54784
Cabe Rawit Merah,20/10/22,54298
Cabe Rawit Merah,21/10/22,54389
Cabe Rawit Merah,22/10/22,
Cabe Rawit Merah,23/10/22,
Cabe Rawit Merah,24/10/22,53671
Cabe Rawit Merah,25/10/22,52587
Cabe Rawit Merah,26/10/22,50960
Cabe Rawit Merah,27/10/22,51091
Cabe Rawit Merah,28/10/22,50489
Cabe Rawit Merah,29/10/22,
Cabe Rawit Merah,30/10/22,
Cabe Rawit Merah,31/10/22,47709
Cabe Rawit Merah,01/11/22,47945
Cabe Rawit Merah,02/11/22,47817
Cabe Rawit Merah,03/11/22,46837
Cabe Rawit Merah,04/11/22,46424
Cabe Rawit Merah,05/11/22,
Cabe Rawit Merah,06/11/22,
Cabe Rawit Merah,07/11/22,47576
Cabe Rawit Merah,08/11/22,47425
Cabe Rawit Merah,09/11/22,47042
Cabe Rawit Merah,10/11/22,46527
Cabe Rawit Merah,11/11/22,46480
Cabe Rawit Merah,12/11/22,
Cabe Rawit Merah,13/11/22,
Cabe Rawit Merah,14/11/22,45821
Cabe Rawit Merah,15/11/22,45993
Cabe Rawit Merah,16/11/22,45922
Cabe Rawit Merah,17/11/22,46433
Cabe Rawit Merah,18/11/22,46689
Cabe Rawit Merah,19/11/22,
Cabe Rawit Merah,20/11/22,
Cabe Rawit Merah,21/11/22,48154
Cabe Rawit Merah,22/11/22,48127
Cabe Rawit Merah,23/11/22,48254
Cabe Rawit Merah,24/11/22,47728
Cabe Rawit Merah,25/11/22,47089
Cabe Rawit Merah,26/11/22,
Cabe Rawit Merah,27/11/22,
Cabe Rawit Merah,28/11/22,46963
Cabe Rawit Merah,29/11/22,47456
Cabe Rawit Merah,30/11/22,48012
Cabe Rawit Merah,01/12/22,48106
Cabe Rawit Merah,01/12/22,48106
Cabe Rawit Merah,02/12/22,48248
Cabe Rawit Merah,02/12/22,48248
Cabe Rawit Merah,03/12/22,
Cabe Rawit Merah,03/12/22,
Cabe Rawit Merah,04/12/22,
Cabe Rawit Merah,04/12/22,
Cabe Rawit Merah,05/12/22,50601
Cabe Rawit Merah,05/12/22,50601
Cabe Rawit Merah,06/12/22,52065
Cabe Rawit Merah,06/12/22,52065
Cabe Rawit Merah,07/12/22,52945
Cabe Rawit Merah,07/12/22,52945
Cabe Rawit Merah,08/12/22,53374
Cabe Rawit Merah,08/12/22,53374
Cabe Rawit Merah,09/12/22,53485
Cabe Rawit Merah,09/12/22,53485
Cabe Rawit Merah,10/12/22,
Cabe Rawit Merah,10/12/22,
Cabe Rawit Merah,11/12/22,
Cabe Rawit Merah,11/12/22,
Cabe Rawit Merah,12/12/22,53164
Cabe Rawit Merah,12/12/22,53164
Cabe Rawit Merah,13/12/22,53447
Cabe Rawit Merah,13/12/22,53447
Cabe Rawit Merah,14/12/22,54066
Cabe Rawit Merah,14/12/22,54066
Cabe Rawit Merah,15/12/22,53494
Cabe Rawit Merah,15/12/22,53494
Cabe Rawit Merah,16/12/22,53172
Cabe Rawit Merah,16/12/22,53172
Cabe Rawit Merah,17/12/22,
Cabe Rawit Merah,17/12/22,
Cabe Rawit Merah,18/12/22,
Cabe Rawit Merah,18/12/22,
Cabe Rawit Merah,19/12/22,53600
Cabe Rawit Merah,19/12/22,53600
Cabe Rawit Merah,20/12/22,53216
Cabe Rawit Merah,20/12/22,53216
Cabe Rawit Merah,21/12/22,53212
Cabe Rawit Merah,21/12/22,53212
Cabe Rawit Merah,22/12/22,53483
Cabe Rawit Merah,22/12/22,53483
Cabe Rawit Merah,23/12/22,54260
Cabe Rawit Merah,23/12/22,54260
Cabe Rawit Merah,24/12/22,
Cabe Rawit Merah,24/12/22,
Cabe Rawit Merah,25/12/22,
Cabe Rawit Merah,25/12/22,
Cabe Rawit Merah,26/12/22,56502
Cabe Rawit Merah,26/12/22,56502
Cabe Rawit Merah,27/12/22,57488
Cabe Rawit Merah,27/12/22,57488
Cabe Rawit Merah,28/12/22,56827
Cabe Rawit Merah,28/12/22,56827
Cabe Rawit Merah,29/12/22,57881
Cabe Rawit Merah,29/12/22,57881
Cabe Rawit Merah,30/12/22,59008
Cabe Rawit Merah,30/12/22,59008
Cabe Rawit Merah,31/12/22,
Cabe Rawit Merah,31/12/22,
