Komoditas,TGL,Harga
Daging Sapi Paha Belakang,01/01/20,118900
Daging Sapi Paha Belakang,02/01/20,119532.0796
Daging Sapi Paha Belakang,03/01/20,119734.0731
Daging Sapi Paha Belakang,04/01/20,
Daging Sapi Paha Belakang,05/01/20,
Daging Sapi Paha Belakang,06/01/20,119229.1711
Daging Sapi Paha Belakang,07/01/20,118610.1872
Daging Sapi Paha Belakang,08/01/20,118496.429
Daging Sapi Paha Belakang,09/01/20,119171.4617
Daging Sapi Paha Belakang,10/01/20,119016.8538
Daging Sapi Paha Belakang,11/01/20,
Daging Sapi Paha Belakang,12/01/20,
Daging Sapi Paha Belakang,13/01/20,119416.3636
Daging Sapi Paha Belakang,14/01/20,119599.076
Daging Sapi Paha Belakang,15/01/20,118919.0107
Daging Sapi Paha Belakang,16/01/20,119051.429
Daging Sapi Paha Belakang,17/01/20,119115.9715
Daging Sapi Paha Belakang,18/01/20,
Daging Sapi Paha Belakang,19/01/20,
Daging Sapi Paha Belakang,20/01/20,119146.9519
Daging Sapi Paha Belakang,21/01/20,119035.0891
Daging Sapi Paha Belakang,22/01/20,118997.4421
Daging Sapi Paha Belakang,23/01/20,118659.7705
Daging Sapi Paha Belakang,24/01/20,118949.5989
Daging Sapi Paha Belakang,25/01/20,
Daging Sapi Paha Belakang,26/01/20,90000
Daging Sapi Paha Belakang,27/01/20,118979.8277
Daging Sapi Paha Belakang,28/01/20,119172.2787
Daging Sapi Paha Belakang,29/01/20,119101.3309
Daging Sapi Paha Belakang,30/01/20,119511.9519
Daging Sapi Paha Belakang,31/01/20,119252.1479
Daging Sapi Paha Belakang,01/02/20,
Daging Sapi Paha Belakang,02/02/20,
Daging Sapi Paha Belakang,03/02/20,119520.6774
Daging Sapi Paha Belakang,04/02/20,119021.9519
Daging Sapi Paha Belakang,05/02/20,119453.3244
Daging Sapi Paha Belakang,06/02/20,119105.0891
Daging Sapi Paha Belakang,07/02/20,120000
Daging Sapi Paha Belakang,08/02/20,
Daging Sapi Paha Belakang,09/02/20,
Daging Sapi Paha Belakang,10/02/20,118758.5389
Daging Sapi Paha Belakang,11/02/20,119580.8999
Daging Sapi Paha Belakang,12/02/20,119321.7558
Daging Sapi Paha Belakang,13/02/20,118673.7166
Daging Sapi Paha Belakang,14/02/20,118759.5009
Daging Sapi Paha Belakang,15/02/20,
Daging Sapi Paha Belakang,16/02/20,
Daging Sapi Paha Belakang,17/02/20,118517.9976
Daging Sapi Paha Belakang,18/02/20,119232.5401
Daging Sapi Paha Belakang,19/02/20,118967.344
Daging Sapi Paha Belakang,20/02/20,119475.3832
Daging Sapi Paha Belakang,21/02/20,119232.5401
Daging Sapi Paha Belakang,22/02/20,120000
Daging Sapi Paha Belakang,23/02/20,
Daging Sapi Paha Belakang,24/02/20,119024.2068
Daging Sapi Paha Belakang,25/02/20,118857.5401
Daging Sapi Paha Belakang,26/02/20,118962.9323
Daging Sapi Paha Belakang,27/02/20,119051.3191
Daging Sapi Paha Belakang,28/02/20,119002.1034
Daging Sapi Paha Belakang,29/02/20,
Daging Sapi Paha Belakang,01/03/20,
Daging Sapi Paha Belakang,02/03/20,119534.6524
Daging Sapi Paha Belakang,03/03/20,119698.8681
Daging Sapi Paha Belakang,04/03/20,119465.9759
Daging Sapi Paha Belakang,05/03/20,119100.6328
Daging Sapi Paha Belakang,06/03/20,119161.9073
Daging Sapi Paha Belakang,07/03/20,
Daging Sapi Paha Belakang,08/03/20,145000
Daging Sapi Paha Belakang,09/03/20,119089.2691
Daging Sapi Paha Belakang,10/03/20,119363.779
Daging Sapi Paha Belakang,11/03/20,119525.5437
Daging Sapi Paha Belakang,12/03/20,119461.8182
Daging Sapi Paha Belakang,13/03/20,119368.6809
Daging Sapi Paha Belakang,14/03/20,
Daging Sapi Paha Belakang,15/03/20,
Daging Sapi Paha Belakang,16/03/20,118792.6025
Daging Sapi Paha Belakang,17/03/20,119288.975
Daging Sapi Paha Belakang,18/03/20,119636.0829
Daging Sapi Paha Belakang,19/03/20,119368.9037
Daging Sapi Paha Belakang,20/03/20,119520.8645
Daging Sapi Paha Belakang,21/03/20,
Daging Sapi Paha Belakang,22/03/20,
Daging Sapi Paha Belakang,23/03/20,119469.1711
Daging Sapi Paha Belakang,24/03/20,119371.1319
Daging Sapi Paha Belakang,25/03/20,124583.3333
Daging Sapi Paha Belakang,26/03/20,119550.0535
Daging Sapi Paha Belakang,27/03/20,119529.9554
Daging Sapi Paha Belakang,28/03/20,
Daging Sapi Paha Belakang,29/03/20,
Daging Sapi Paha Belakang,30/03/20,118743.6809
Daging Sapi Paha Belakang,31/03/20,119592.7005
Daging Sapi Paha Belakang,01/04/20,119219.1711
Daging Sapi Paha Belakang,02/04/20,119498.5829
Daging Sapi Paha Belakang,03/04/20,119527.9946
Daging Sapi Paha Belakang,04/04/20,
Daging Sapi Paha Belakang,05/04/20,
Daging Sapi Paha Belakang,06/04/20,119394.975
Daging Sapi Paha Belakang,07/04/20,119406.1646
Daging Sapi Paha Belakang,08/04/20,119645.0943
Daging Sapi Paha Belakang,09/04/20,117812.4587
Daging Sapi Paha Belakang,10/04/20,114666.6667
Daging Sapi Paha Belakang,11/04/20,110000
Daging Sapi Paha Belakang,12/04/20,
Daging Sapi Paha Belakang,13/04/20,119444.3421
Daging Sapi Paha Belakang,14/04/20,119437.0913
Daging Sapi Paha Belakang,15/04/20,120047.3854
Daging Sapi Paha Belakang,16/04/20,119118.241
Daging Sapi Paha Belakang,17/04/20,119517.9736
Daging Sapi Paha Belakang,18/04/20,130000
Daging Sapi Paha Belakang,19/04/20,
Daging Sapi Paha Belakang,20/04/20,120015.9311
Daging Sapi Paha Belakang,21/04/20,119827.264
Daging Sapi Paha Belakang,22/04/20,120791.9971
Daging Sapi Paha Belakang,23/04/20,120660.5973
Daging Sapi Paha Belakang,24/04/20,120178.1534
Daging Sapi Paha Belakang,25/04/20,
Daging Sapi Paha Belakang,26/04/20,
Daging Sapi Paha Belakang,27/04/20,119685.4719
Daging Sapi Paha Belakang,28/04/20,119696.8952
Daging Sapi Paha Belakang,29/04/20,119533.4965
Daging Sapi Paha Belakang,30/04/20,119680.5553
Daging Sapi Paha Belakang,01/05/20,120690.1042
Daging Sapi Paha Belakang,02/05/20,117500
Daging Sapi Paha Belakang,03/05/20,
Daging Sapi Paha Belakang,04/05/20,119575.0465
Daging Sapi Paha Belakang,05/05/20,119901.9062
Daging Sapi Paha Belakang,06/05/20,119811.8578
Daging Sapi Paha Belakang,07/05/20,120312.5
Daging Sapi Paha Belakang,08/05/20,119723.2724
Daging Sapi Paha Belakang,09/05/20,
Daging Sapi Paha Belakang,10/05/20,
Daging Sapi Paha Belakang,11/05/20,119748.3658
Daging Sapi Paha Belakang,12/05/20,119794.3217
Daging Sapi Paha Belakang,13/05/20,119919.0989
Daging Sapi Paha Belakang,14/05/20,120011.317
Daging Sapi Paha Belakang,15/05/20,120207.906
Daging Sapi Paha Belakang,16/05/20,142500
Daging Sapi Paha Belakang,17/05/20,
Daging Sapi Paha Belakang,18/05/20,120452.6937
Daging Sapi Paha Belakang,19/05/20,120346.1368
Daging Sapi Paha Belakang,20/05/20,121583.7469
Daging Sapi Paha Belakang,21/05/20,127751.6129
Daging Sapi Paha Belakang,22/05/20,126967.3219
Daging Sapi Paha Belakang,23/05/20,132702.0833
Daging Sapi Paha Belakang,24/05/20,127142.8571
Daging Sapi Paha Belakang,25/05/20,125687.5
Daging Sapi Paha Belakang,26/05/20,122708.5229
Daging Sapi Paha Belakang,27/05/20,122595.2154
Daging Sapi Paha Belakang,28/05/20,121791.7333
Daging Sapi Paha Belakang,29/05/20,121438.768
Daging Sapi Paha Belakang,30/05/20,123625
Daging Sapi Paha Belakang,31/05/20,123903.2258
Daging Sapi Paha Belakang,01/06/20,122700
Daging Sapi Paha Belakang,02/06/20,120510.0209
Daging Sapi Paha Belakang,03/06/20,120439.424
Daging Sapi Paha Belakang,04/06/20,120490.2337
Daging Sapi Paha Belakang,05/06/20,120562.0007
Daging Sapi Paha Belakang,06/06/20,
Daging Sapi Paha Belakang,07/06/20,
Daging Sapi Paha Belakang,08/06/20,120615.1105
Daging Sapi Paha Belakang,09/06/20,120823.0354
Daging Sapi Paha Belakang,10/06/20,120786.2707
Daging Sapi Paha Belakang,11/06/20,120424.3572
Daging Sapi Paha Belakang,12/06/20,120683.7751
Daging Sapi Paha Belakang,13/06/20,
Daging Sapi Paha Belakang,14/06/20,
Daging Sapi Paha Belakang,15/06/20,120703.2517
Daging Sapi Paha Belakang,16/06/20,120689.3323
Daging Sapi Paha Belakang,17/06/20,120490.1038
Daging Sapi Paha Belakang,18/06/20,120662.8723
Daging Sapi Paha Belakang,19/06/20,120617.0186
Daging Sapi Paha Belakang,20/06/20,
Daging Sapi Paha Belakang,21/06/20,
Daging Sapi Paha Belakang,22/06/20,120536.8954
Daging Sapi Paha Belakang,23/06/20,120404.7613
Daging Sapi Paha Belakang,24/06/20,120611.9805
Daging Sapi Paha Belakang,25/06/20,120599.9206
Daging Sapi Paha Belakang,26/06/20,120571.2091
Daging Sapi Paha Belakang,27/06/20,
Daging Sapi Paha Belakang,28/06/20,
Daging Sapi Paha Belakang,29/06/20,120485.0163
Daging Sapi Paha Belakang,30/06/20,120417.7164
Daging Sapi Paha Belakang,01/07/20,120408.2189
Daging Sapi Paha Belakang,02/07/20,120436.3428
Daging Sapi Paha Belakang,03/07/20,120447.2118
Daging Sapi Paha Belakang,04/07/20,
Daging Sapi Paha Belakang,05/07/20,
Daging Sapi Paha Belakang,06/07/20,120349.6832
Daging Sapi Paha Belakang,07/07/20,120500.9583
Daging Sapi Paha Belakang,08/07/20,120441.0843
Daging Sapi Paha Belakang,09/07/20,120017.5753
Daging Sapi Paha Belakang,10/07/20,120313.6333
Daging Sapi Paha Belakang,11/07/20,
Daging Sapi Paha Belakang,12/07/20,
Daging Sapi Paha Belakang,13/07/20,120492.3599
Daging Sapi Paha Belakang,14/07/20,120454.5892
Daging Sapi Paha Belakang,15/07/20,120499.2076
Daging Sapi Paha Belakang,16/07/20,120586.6725
Daging Sapi Paha Belakang,17/07/20,120511.4625
Daging Sapi Paha Belakang,18/07/20,
Daging Sapi Paha Belakang,19/07/20,
Daging Sapi Paha Belakang,20/07/20,120407.7043
Daging Sapi Paha Belakang,21/07/20,120593.1618
Daging Sapi Paha Belakang,22/07/20,120576.0049
Daging Sapi Paha Belakang,23/07/20,120465.7108
Daging Sapi Paha Belakang,24/07/20,120476.4339
Daging Sapi Paha Belakang,25/07/20,
Daging Sapi Paha Belakang,26/07/20,
Daging Sapi Paha Belakang,27/07/20,120474.6977
Daging Sapi Paha Belakang,28/07/20,120937.9185
Daging Sapi Paha Belakang,29/07/20,122323.1402
Daging Sapi Paha Belakang,30/07/20,124234.6383
Daging Sapi Paha Belakang,31/07/20,
Daging Sapi Paha Belakang,01/08/20,125000
Daging Sapi Paha Belakang,02/08/20,125000
Daging Sapi Paha Belakang,03/08/20,121049.2829
Daging Sapi Paha Belakang,04/08/20,120791.9299
Daging Sapi Paha Belakang,05/08/20,120778.6631
Daging Sapi Paha Belakang,06/08/20,120764.6721
Daging Sapi Paha Belakang,07/08/20,120159.0757
Daging Sapi Paha Belakang,08/08/20,130000
Daging Sapi Paha Belakang,09/08/20,130000
Daging Sapi Paha Belakang,10/08/20,120720.0438
Daging Sapi Paha Belakang,11/08/20,120523.0463
Daging Sapi Paha Belakang,12/08/20,120692.5817
Daging Sapi Paha Belakang,13/08/20,119149.9959
Daging Sapi Paha Belakang,14/08/20,120679.5244
Daging Sapi Paha Belakang,15/08/20,
Daging Sapi Paha Belakang,16/08/20,
Daging Sapi Paha Belakang,17/08/20,121000
Daging Sapi Paha Belakang,18/08/20,120628.9729
Daging Sapi Paha Belakang,19/08/20,120579.9533
Daging Sapi Paha Belakang,20/08/20,120468.75
Daging Sapi Paha Belakang,21/08/20,
Daging Sapi Paha Belakang,22/08/20,
Daging Sapi Paha Belakang,23/08/20,
Daging Sapi Paha Belakang,24/08/20,120693.53
Daging Sapi Paha Belakang,25/08/20,120626.5365
Daging Sapi Paha Belakang,26/08/20,120695.981
Daging Sapi Paha Belakang,27/08/20,120777.0165
Daging Sapi Paha Belakang,28/08/20,120822.6149
Daging Sapi Paha Belakang,29/08/20,
Daging Sapi Paha Belakang,30/08/20,
Daging Sapi Paha Belakang,31/08/20,120749.0855
Daging Sapi Paha Belakang,01/09/20,120635.1587
Daging Sapi Paha Belakang,02/09/20,120615.5509
Daging Sapi Paha Belakang,03/09/20,120410.077
Daging Sapi Paha Belakang,04/09/20,120567.8151
Daging Sapi Paha Belakang,05/09/20,130000
Daging Sapi Paha Belakang,06/09/20,
Daging Sapi Paha Belakang,07/09/20,120528.5994
Daging Sapi Paha Belakang,08/09/20,120494.2857
Daging Sapi Paha Belakang,09/09/20,120457.521
Daging Sapi Paha Belakang,10/09/20,120457.521
Daging Sapi Paha Belakang,11/09/20,120505.6215
Daging Sapi Paha Belakang,12/09/20,
Daging Sapi Paha Belakang,13/09/20,
Daging Sapi Paha Belakang,14/09/20,120482.1621
Daging Sapi Paha Belakang,15/09/20,120489.3208
Daging Sapi Paha Belakang,16/09/20,120553.9262
Daging Sapi Paha Belakang,17/09/20,120575.1681
Daging Sapi Paha Belakang,18/09/20,120823.9426
Daging Sapi Paha Belakang,19/09/20,
Daging Sapi Paha Belakang,20/09/20,
Daging Sapi Paha Belakang,21/09/20,120536.1931
Daging Sapi Paha Belakang,22/09/20,120519.9626
Daging Sapi Paha Belakang,23/09/20,120650.346
Daging Sapi Paha Belakang,24/09/20,120774.3248
Daging Sapi Paha Belakang,25/09/20,120868.6146
Daging Sapi Paha Belakang,26/09/20,130000
Daging Sapi Paha Belakang,27/09/20,130000
Daging Sapi Paha Belakang,28/09/20,120601.3264
Daging Sapi Paha Belakang,29/09/20,120558.6426
Daging Sapi Paha Belakang,30/09/20,120525.0397
Daging Sapi Paha Belakang,01/10/20,120530.7096
Daging Sapi Paha Belakang,02/10/20,120288.7774
Daging Sapi Paha Belakang,03/10/20,130000
Daging Sapi Paha Belakang,04/10/20,130000
Daging Sapi Paha Belakang,05/10/20,120517.2982
Daging Sapi Paha Belakang,06/10/20,120523.1338
Daging Sapi Paha Belakang,07/10/20,120082.8035
Daging Sapi Paha Belakang,08/10/20,120456.0568
Daging Sapi Paha Belakang,09/10/20,120426.1344
Daging Sapi Paha Belakang,10/10/20,130000
Daging Sapi Paha Belakang,11/10/20,
Daging Sapi Paha Belakang,12/10/20,120434.9171
Daging Sapi Paha Belakang,13/10/20,120724.8823
Daging Sapi Paha Belakang,14/10/20,121428.6159
Daging Sapi Paha Belakang,15/10/20,120580.2614
Daging Sapi Paha Belakang,16/10/20,120399.0862
Daging Sapi Paha Belakang,17/10/20,
Daging Sapi Paha Belakang,18/10/20,
Daging Sapi Paha Belakang,19/10/20,120406.6194
Daging Sapi Paha Belakang,20/10/20,120387.4294
Daging Sapi Paha Belakang,21/10/20,120372.5285
Daging Sapi Paha Belakang,22/10/20,120335.7638
Daging Sapi Paha Belakang,23/10/20,120473.7336
Daging Sapi Paha Belakang,24/10/20,130000
Daging Sapi Paha Belakang,25/10/20,130000
Daging Sapi Paha Belakang,26/10/20,120425.5164
Daging Sapi Paha Belakang,27/10/20,120368.4436
Daging Sapi Paha Belakang,28/10/20,137500
Daging Sapi Paha Belakang,29/10/20,
Daging Sapi Paha Belakang,30/10/20,121367.5555
Daging Sapi Paha Belakang,31/10/20,130000
Daging Sapi Paha Belakang,01/11/20,130000
Daging Sapi Paha Belakang,02/11/20,120423.3678
Daging Sapi Paha Belakang,03/11/20,120486.1742
Daging Sapi Paha Belakang,04/11/20,120359.9487
Daging Sapi Paha Belakang,05/11/20,120998.1227
Daging Sapi Paha Belakang,06/11/20,120543.6304
Daging Sapi Paha Belakang,07/11/20,130000
Daging Sapi Paha Belakang,08/11/20,130000
Daging Sapi Paha Belakang,09/11/20,120430.2101
Daging Sapi Paha Belakang,10/11/20,120529.4748
Daging Sapi Paha Belakang,11/11/20,120531.0067
Daging Sapi Paha Belakang,12/11/20,120475.5533
Daging Sapi Paha Belakang,13/11/20,120475.5533
Daging Sapi Paha Belakang,14/11/20,
Daging Sapi Paha Belakang,15/11/20,
Daging Sapi Paha Belakang,16/11/20,120539.3809
Daging Sapi Paha Belakang,17/11/20,120649.1644
Daging Sapi Paha Belakang,18/11/20,120646.3866
Daging Sapi Paha Belakang,19/11/20,120586.6644
Daging Sapi Paha Belakang,20/11/20,120623.5312
Daging Sapi Paha Belakang,21/11/20,130000
Daging Sapi Paha Belakang,22/11/20,130000
Daging Sapi Paha Belakang,23/11/20,120581.8645
Daging Sapi Paha Belakang,24/11/20,120547.4487
Daging Sapi Paha Belakang,25/11/20,120633.1587
Daging Sapi Paha Belakang,26/11/20,120621.7208
Daging Sapi Paha Belakang,27/11/20,120778.6857
Daging Sapi Paha Belakang,28/11/20,130000
Daging Sapi Paha Belakang,29/11/20,130000
Daging Sapi Paha Belakang,30/11/20,120489.6013
Daging Sapi Paha Belakang,01/01/21,
Daging Sapi Paha Belakang,02/01/21,
Daging Sapi Paha Belakang,03/01/21,
Daging Sapi Paha Belakang,04/01/21,121492.9233
Daging Sapi Paha Belakang,05/01/21,121343.3244
Daging Sapi Paha Belakang,06/01/21,121438.8012
Daging Sapi Paha Belakang,07/01/21,122034.0196
Daging Sapi Paha Belakang,08/01/21,121163.8503
Daging Sapi Paha Belakang,09/01/21,
Daging Sapi Paha Belakang,10/01/21,
Daging Sapi Paha Belakang,11/01/21,120835.4189
Daging Sapi Paha Belakang,12/01/21,120685.9091
Daging Sapi Paha Belakang,13/01/21,120773.9216
Daging Sapi Paha Belakang,14/01/21,120810.6863
Daging Sapi Paha Belakang,15/01/21,121006.7647
Daging Sapi Paha Belakang,16/01/21,
Daging Sapi Paha Belakang,17/01/21,
Daging Sapi Paha Belakang,18/01/21,120820.101
Daging Sapi Paha Belakang,19/01/21,120953.9394
Daging Sapi Paha Belakang,20/01/21,120393.6941
Daging Sapi Paha Belakang,21/01/21,120966.5657
Daging Sapi Paha Belakang,22/01/21,120850.404
Daging Sapi Paha Belakang,23/01/21,
Daging Sapi Paha Belakang,24/01/21,
Daging Sapi Paha Belakang,25/01/21,121484.7059
Daging Sapi Paha Belakang,26/01/21,121497.1836
Daging Sapi Paha Belakang,27/01/21,121769.2424
Daging Sapi Paha Belakang,28/01/21,121783.1313
Daging Sapi Paha Belakang,29/01/21,121379.8336
Daging Sapi Paha Belakang,30/01/21,
Daging Sapi Paha Belakang,31/01/21,
Daging Sapi Paha Belakang,01/02/21,121441.1081
Daging Sapi Paha Belakang,02/02/21,121247.7035
Daging Sapi Paha Belakang,03/02/21,121964.9554
Daging Sapi Paha Belakang,04/02/21,121657.8283
Daging Sapi Paha Belakang,05/02/21,121927.4361
Daging Sapi Paha Belakang,06/02/21,
Daging Sapi Paha Belakang,07/02/21,
Daging Sapi Paha Belakang,08/02/21,122537.9946
Daging Sapi Paha Belakang,09/02/21,121552.3084
Daging Sapi Paha Belakang,10/02/21,121674.8574
Daging Sapi Paha Belakang,11/02/21,121072.2692
Daging Sapi Paha Belakang,12/02/21,
Daging Sapi Paha Belakang,13/02/21,
Daging Sapi Paha Belakang,14/02/21,
Daging Sapi Paha Belakang,15/02/21,122156.1616
Daging Sapi Paha Belakang,16/02/21,121812.3351
Daging Sapi Paha Belakang,17/02/21,121847.6946
Daging Sapi Paha Belakang,18/02/21,121873.1848
Daging Sapi Paha Belakang,19/02/21,121836.6221
Daging Sapi Paha Belakang,20/02/21,
Daging Sapi Paha Belakang,21/02/21,
Daging Sapi Paha Belakang,22/02/21,122208.6423
Daging Sapi Paha Belakang,23/02/21,122013.4462
Daging Sapi Paha Belakang,24/02/21,121674.9168
Daging Sapi Paha Belakang,25/02/21,121497.6129
Daging Sapi Paha Belakang,26/02/21,121982.09
Daging Sapi Paha Belakang,27/02/21,
Daging Sapi Paha Belakang,28/02/21,
Daging Sapi Paha Belakang,01/03/21,121889.9673
Daging Sapi Paha Belakang,02/03/21,122130.2377
Daging Sapi Paha Belakang,03/03/21,121802.7867
Daging Sapi Paha Belakang,04/03/21,121989.183
Daging Sapi Paha Belakang,05/03/21,122690.8972
Daging Sapi Paha Belakang,06/03/21,
Daging Sapi Paha Belakang,07/03/21,
Daging Sapi Paha Belakang,08/03/21,122717.5327
Daging Sapi Paha Belakang,09/03/21,122628.3318
Daging Sapi Paha Belakang,10/03/21,121953.6557
Daging Sapi Paha Belakang,11/03/21,
Daging Sapi Paha Belakang,12/03/21,122290.4204
Daging Sapi Paha Belakang,13/03/21,
Daging Sapi Paha Belakang,14/03/21,
Daging Sapi Paha Belakang,15/03/21,122391.9236
Daging Sapi Paha Belakang,16/03/21,122061.5018
Daging Sapi Paha Belakang,17/03/21,122372.9011
Daging Sapi Paha Belakang,18/03/21,121886.9771
Daging Sapi Paha Belakang,19/03/21,121973.8978
Daging Sapi Paha Belakang,20/03/21,
Daging Sapi Paha Belakang,21/03/21,
Daging Sapi Paha Belakang,22/03/21,122007.2801
Daging Sapi Paha Belakang,23/03/21,121345.9239
Daging Sapi Paha Belakang,24/03/21,121693.0971
Daging Sapi Paha Belakang,25/03/21,121896.2834
Daging Sapi Paha Belakang,26/03/21,121608.516
Daging Sapi Paha Belakang,27/03/21,
Daging Sapi Paha Belakang,28/03/21,
Daging Sapi Paha Belakang,29/03/21,122090.3194
Daging Sapi Paha Belakang,30/03/21,121740.2867
Daging Sapi Paha Belakang,31/03/21,121556.2507
Daging Sapi Paha Belakang,01/04/21,121755.359
Daging Sapi Paha Belakang,02/04/21,125714.2857
Daging Sapi Paha Belakang,03/04/21,
Daging Sapi Paha Belakang,04/04/21,
Daging Sapi Paha Belakang,05/04/21,121762.6589
Daging Sapi Paha Belakang,06/04/21,121915.0866
Daging Sapi Paha Belakang,07/04/21,122204.3023
Daging Sapi Paha Belakang,08/04/21,122164.4242
Daging Sapi Paha Belakang,09/04/21,122589.5836
Daging Sapi Paha Belakang,10/04/21,
Daging Sapi Paha Belakang,11/04/21,
Daging Sapi Paha Belakang,12/04/21,124563.4398
Daging Sapi Paha Belakang,13/04/21,124466.1009
Daging Sapi Paha Belakang,14/04/21,124347.0533
Daging Sapi Paha Belakang,15/04/21,124189.9677
Daging Sapi Paha Belakang,16/04/21,124204.2068
Daging Sapi Paha Belakang,17/04/21,
Daging Sapi Paha Belakang,18/04/21,
Daging Sapi Paha Belakang,19/04/21,123832.4217
Daging Sapi Paha Belakang,20/04/21,123811.4133
Daging Sapi Paha Belakang,21/04/21,124005.3909
Daging Sapi Paha Belakang,22/04/21,124033.0519
Daging Sapi Paha Belakang,23/04/21,123981.6397
Daging Sapi Paha Belakang,24/04/21,
Daging Sapi Paha Belakang,25/04/21,
Daging Sapi Paha Belakang,26/04/21,124382.2158
Daging Sapi Paha Belakang,27/04/21,124519.4707
Daging Sapi Paha Belakang,28/04/21,124500.6799
Daging Sapi Paha Belakang,29/04/21,124550.1664
Daging Sapi Paha Belakang,30/04/21,124582.2625
Daging Sapi Paha Belakang,01/05/21,
Daging Sapi Paha Belakang,02/05/21,
Daging Sapi Paha Belakang,03/05/21,124814.0975
Daging Sapi Paha Belakang,04/05/21,124784.8981
Daging Sapi Paha Belakang,05/05/21,125540.6691
Daging Sapi Paha Belakang,06/05/21,125974.9128
Daging Sapi Paha Belakang,07/05/21,126345.3769
Daging Sapi Paha Belakang,08/05/21,
Daging Sapi Paha Belakang,09/05/21,
Daging Sapi Paha Belakang,10/05/21,130833.2145
Daging Sapi Paha Belakang,11/05/21,134145.4507
Daging Sapi Paha Belakang,12/05/21,139119.9346
Daging Sapi Paha Belakang,13/05/21,
Daging Sapi Paha Belakang,14/05/21,132666.6667
Daging Sapi Paha Belakang,15/05/21,131340
Daging Sapi Paha Belakang,16/05/21,131780.6452
Daging Sapi Paha Belakang,17/05/21,128337.5854
Daging Sapi Paha Belakang,18/05/21,127089.2049
Daging Sapi Paha Belakang,19/05/21,126451.3452
Daging Sapi Paha Belakang,20/05/21,126187.8118
Daging Sapi Paha Belakang,21/05/21,126143.2168
Daging Sapi Paha Belakang,22/05/21,
Daging Sapi Paha Belakang,23/05/21,
Daging Sapi Paha Belakang,24/05/21,126092.1791
Daging Sapi Paha Belakang,25/05/21,125906.9995
Daging Sapi Paha Belakang,26/05/21,
Daging Sapi Paha Belakang,27/05/21,125992.4629
Daging Sapi Paha Belakang,28/05/21,125768.3446
Daging Sapi Paha Belakang,29/05/21,
Daging Sapi Paha Belakang,30/05/21,
Daging Sapi Paha Belakang,31/05/21,126161.3185
Daging Sapi Paha Belakang,01/06/21,
Daging Sapi Paha Belakang,02/06/21,126082.5125
Daging Sapi Paha Belakang,03/06/21,125969.7674
Daging Sapi Paha Belakang,04/06/21,125515.0873
Daging Sapi Paha Belakang,05/06/21,
Daging Sapi Paha Belakang,06/06/21,
Daging Sapi Paha Belakang,07/06/21,125598.1606
Daging Sapi Paha Belakang,08/06/21,125466.5961
Daging Sapi Paha Belakang,09/06/21,125260.5937
Daging Sapi Paha Belakang,10/06/21,125025.4163
Daging Sapi Paha Belakang,11/06/21,125305.4223
Daging Sapi Paha Belakang,12/06/21,
Daging Sapi Paha Belakang,13/06/21,
Daging Sapi Paha Belakang,14/06/21,125506.6573
Daging Sapi Paha Belakang,15/06/21,125413.8702
Daging Sapi Paha Belakang,16/06/21,125413.8702
Daging Sapi Paha Belakang,17/06/21,125891.8114
Daging Sapi Paha Belakang,18/06/21,125634.4584
Daging Sapi Paha Belakang,19/06/21,
Daging Sapi Paha Belakang,20/06/21,
Daging Sapi Paha Belakang,21/06/21,125653.175
Daging Sapi Paha Belakang,22/06/21,125595.752
Daging Sapi Paha Belakang,23/06/21,125724.9856
Daging Sapi Paha Belakang,24/06/21,125674.1834
Daging Sapi Paha Belakang,25/06/21,125672.698
Daging Sapi Paha Belakang,26/06/21,
Daging Sapi Paha Belakang,27/06/21,
Daging Sapi Paha Belakang,28/06/21,125947.8762
Daging Sapi Paha Belakang,29/06/21,125980.8212
Daging Sapi Paha Belakang,30/06/21,125977.6806
Daging Sapi Paha Belakang,01/07/21,125949.7861
Daging Sapi Paha Belakang,02/07/21,125986.5508
Daging Sapi Paha Belakang,03/07/21,
Daging Sapi Paha Belakang,04/07/21,
Daging Sapi Paha Belakang,05/07/21,126130.3355
Daging Sapi Paha Belakang,06/07/21,126056.3207
Daging Sapi Paha Belakang,07/07/21,125985.1255
Daging Sapi Paha Belakang,08/07/21,126023.942
Daging Sapi Paha Belakang,09/07/21,126161.8096
Daging Sapi Paha Belakang,10/07/21,
Daging Sapi Paha Belakang,11/07/21,
Daging Sapi Paha Belakang,12/07/21,126228.5153
Daging Sapi Paha Belakang,13/07/21,126150.9009
Daging Sapi Paha Belakang,14/07/21,126204.0055
Daging Sapi Paha Belakang,15/07/21,126348.8361
Daging Sapi Paha Belakang,16/07/21,126922.3656
Daging Sapi Paha Belakang,17/07/21,
Daging Sapi Paha Belakang,18/07/21,
Daging Sapi Paha Belakang,19/07/21,129667.8243
Daging Sapi Paha Belakang,20/07/21,
Daging Sapi Paha Belakang,21/07/21,127261.9391
Daging Sapi Paha Belakang,22/07/21,126716.2312
Daging Sapi Paha Belakang,23/07/21,126614.107
Daging Sapi Paha Belakang,24/07/21,
Daging Sapi Paha Belakang,25/07/21,150000
Daging Sapi Paha Belakang,26/07/21,126407.7233
Daging Sapi Paha Belakang,27/07/21,126280.3599
Daging Sapi Paha Belakang,28/07/21,126281.5907
Daging Sapi Paha Belakang,29/07/21,126088.3472
Daging Sapi Paha Belakang,30/07/21,126304.8505
Daging Sapi Paha Belakang,31/07/21,
Daging Sapi Paha Belakang,01/08/21,
Daging Sapi Paha Belakang,02/08/21,126390.0088
Daging Sapi Paha Belakang,03/08/21,126451.2833
Daging Sapi Paha Belakang,04/08/21,126355.6951
Daging Sapi Paha Belakang,05/08/21,126297.3384
Daging Sapi Paha Belakang,06/08/21,126279.0144
Daging Sapi Paha Belakang,07/08/21,
Daging Sapi Paha Belakang,08/08/21,
Daging Sapi Paha Belakang,09/08/21,126077.7369
Daging Sapi Paha Belakang,10/08/21,126134.9265
Daging Sapi Paha Belakang,11/08/21,125969.4853
Daging Sapi Paha Belakang,12/08/21,126121.84
Daging Sapi Paha Belakang,13/08/21,
Daging Sapi Paha Belakang,14/08/21,
Daging Sapi Paha Belakang,15/08/21,
Daging Sapi Paha Belakang,16/08/21,126194.2553
Daging Sapi Paha Belakang,17/08/21,
Daging Sapi Paha Belakang,18/08/21,126169.7455
Daging Sapi Paha Belakang,19/08/21,126071.5312
Daging Sapi Paha Belakang,20/08/21,126166.39
Daging Sapi Paha Belakang,21/08/21,
Daging Sapi Paha Belakang,22/08/21,
Daging Sapi Paha Belakang,23/08/21,125978.7043
Daging Sapi Paha Belakang,24/08/21,126007.8097
Daging Sapi Paha Belakang,25/08/21,125937.8546
Daging Sapi Paha Belakang,26/08/21,125632.4211
Daging Sapi Paha Belakang,27/08/21,125285.7824
Daging Sapi Paha Belakang,28/08/21,
Daging Sapi Paha Belakang,29/08/21,
Daging Sapi Paha Belakang,30/08/21,125209.8021
Daging Sapi Paha Belakang,31/08/21,125273.2212
Daging Sapi Paha Belakang,01/09/21,125240.1329
Daging Sapi Paha Belakang,02/09/21,125238.5414
Daging Sapi Paha Belakang,03/09/21,125207.0871
Daging Sapi Paha Belakang,04/09/21,
Daging Sapi Paha Belakang,05/09/21,
Daging Sapi Paha Belakang,06/09/21,125359.3747
Daging Sapi Paha Belakang,07/09/21,125310.8453
Daging Sapi Paha Belakang,08/09/21,125408.8845
Daging Sapi Paha Belakang,09/09/21,125471.793
Daging Sapi Paha Belakang,10/09/21,125471.0317
Daging Sapi Paha Belakang,11/09/21,
Daging Sapi Paha Belakang,12/09/21,
Daging Sapi Paha Belakang,13/09/21,125476.7098
Daging Sapi Paha Belakang,14/09/21,125450.566
Daging Sapi Paha Belakang,15/09/21,125450.2392
Daging Sapi Paha Belakang,16/09/21,125639.7817
Daging Sapi Paha Belakang,17/09/21,125629.9778
Daging Sapi Paha Belakang,18/09/21,150000
Daging Sapi Paha Belakang,19/09/21,
Daging Sapi Paha Belakang,20/09/21,125642.3218
Daging Sapi Paha Belakang,21/09/21,125658.6617
Daging Sapi Paha Belakang,22/09/21,125658.6617
Daging Sapi Paha Belakang,23/09/21,125658.6617
Daging Sapi Paha Belakang,24/09/21,125657.0277
Daging Sapi Paha Belakang,25/09/21,
Daging Sapi Paha Belakang,26/09/21,
Daging Sapi Paha Belakang,27/09/21,125630.0945
Daging Sapi Paha Belakang,28/09/21,125360.4867
Daging Sapi Paha Belakang,29/09/21,125434.718
Daging Sapi Paha Belakang,30/09/21,125384.9835
Daging Sapi Paha Belakang,01/10/21,125415.3144
Daging Sapi Paha Belakang,02/10/21,
Daging Sapi Paha Belakang,03/10/21,
Daging Sapi Paha Belakang,04/10/21,125323.4026
Daging Sapi Paha Belakang,05/10/21,125367.0096
Daging Sapi Paha Belakang,06/10/21,125479.4484
Daging Sapi Paha Belakang,07/10/21,125479.4484
Daging Sapi Paha Belakang,08/10/21,125471.2784
Daging Sapi Paha Belakang,09/10/21,
Daging Sapi Paha Belakang,10/10/21,
Daging Sapi Paha Belakang,11/10/21,125397.749
Daging Sapi Paha Belakang,12/10/21,125397.749
Daging Sapi Paha Belakang,13/10/21,125367.316
Daging Sapi Paha Belakang,14/10/21,125451.2435
Daging Sapi Paha Belakang,15/10/21,125451.2435
Daging Sapi Paha Belakang,16/10/21,
Daging Sapi Paha Belakang,17/10/21,
Daging Sapi Paha Belakang,18/10/21,125486.8941
Daging Sapi Paha Belakang,19/10/21,125564.5085
Daging Sapi Paha Belakang,20/10/21,
Daging Sapi Paha Belakang,21/10/21,125532.0622
Daging Sapi Paha Belakang,22/10/21,125548.1686
Daging Sapi Paha Belakang,23/10/21,
Daging Sapi Paha Belakang,24/10/21,
Daging Sapi Paha Belakang,25/10/21,125534.6936
Daging Sapi Paha Belakang,26/10/21,125534.6936
Daging Sapi Paha Belakang,27/10/21,125534.6936
Daging Sapi Paha Belakang,28/10/21,125551.0334
Daging Sapi Paha Belakang,29/10/21,125570.6705
Daging Sapi Paha Belakang,30/10/21,
Daging Sapi Paha Belakang,31/10/21,
Daging Sapi Paha Belakang,01/11/21,125636.8177
Daging Sapi Paha Belakang,02/11/21,125648.9981
Daging Sapi Paha Belakang,03/11/21,125634.1169
Daging Sapi Paha Belakang,04/11/21,125652.3406
Daging Sapi Paha Belakang,05/11/21,125744.3633
Daging Sapi Paha Belakang,06/11/21,
Daging Sapi Paha Belakang,07/11/21,
Daging Sapi Paha Belakang,08/11/21,125649.5003
Daging Sapi Paha Belakang,09/11/21,125425.7609
Daging Sapi Paha Belakang,10/11/21,125511.5202
Daging Sapi Paha Belakang,11/11/21,125428.1868
Daging Sapi Paha Belakang,12/11/21,125469.0615
Daging Sapi Paha Belakang,13/11/21,
Daging Sapi Paha Belakang,14/11/21,
Daging Sapi Paha Belakang,15/11/21,125444.5517
Daging Sapi Paha Belakang,16/11/21,125575.2456
Daging Sapi Paha Belakang,17/11/21,125530.6702
Daging Sapi Paha Belakang,18/11/21,125585.8173
Daging Sapi Paha Belakang,19/11/21,125570.7029
Daging Sapi Paha Belakang,20/11/21,
Daging Sapi Paha Belakang,21/11/21,
Daging Sapi Paha Belakang,22/11/21,125816.1659
Daging Sapi Paha Belakang,23/11/21,125639.8253
Daging Sapi Paha Belakang,24/11/21,125697.0148
Daging Sapi Paha Belakang,25/11/21,125715.4222
Daging Sapi Paha Belakang,26/11/21,125647.686
Daging Sapi Paha Belakang,27/11/21,
Daging Sapi Paha Belakang,28/11/21,
Daging Sapi Paha Belakang,29/11/21,125628.7959
Daging Sapi Paha Belakang,30/11/21,125707.2272
Daging Sapi Paha Belakang,01/12/21,125763.5998
Daging Sapi Paha Belakang,02/12/21,125760.2268
Daging Sapi Paha Belakang,03/12/21,125701.4033
Daging Sapi Paha Belakang,04/12/21,
Daging Sapi Paha Belakang,05/12/21,
Daging Sapi Paha Belakang,06/12/21,125900.8547
Daging Sapi Paha Belakang,07/12/21,125881.8596
Daging Sapi Paha Belakang,08/12/21,125837.7669
Daging Sapi Paha Belakang,09/12/21,125892.7097
Daging Sapi Paha Belakang,10/12/21,125907.4156
Daging Sapi Paha Belakang,11/12/21,
Daging Sapi Paha Belakang,12/12/21,
Daging Sapi Paha Belakang,13/12/21,125859.1885
Daging Sapi Paha Belakang,14/12/21,125875.5284
Daging Sapi Paha Belakang,15/12/21,125819.4808
Daging Sapi Paha Belakang,16/12/21,125840.6205
Daging Sapi Paha Belakang,17/12/21,125897.81
Daging Sapi Paha Belakang,18/12/21,
Daging Sapi Paha Belakang,19/12/21,
Daging Sapi Paha Belakang,20/12/21,125800.5878
Daging Sapi Paha Belakang,21/12/21,125789.1499
Daging Sapi Paha Belakang,22/12/21,125789.3495
Daging Sapi Paha Belakang,23/12/21,126090.0031
Daging Sapi Paha Belakang,24/12/21,126292.642
Daging Sapi Paha Belakang,25/12/21,
Daging Sapi Paha Belakang,26/12/21,
Daging Sapi Paha Belakang,27/12/21,126284.4477
Daging Sapi Paha Belakang,28/12/21,126202.7727
Daging Sapi Paha Belakang,29/12/21,126161.923
Daging Sapi Paha Belakang,30/12/21,126750.1583
Daging Sapi Paha Belakang,31/12/21,126911.923
Daging Sapi Paha Belakang,01/01/22,
Daging Sapi Paha Belakang,02/01/22,
Daging Sapi Paha Belakang,03/01/22,126404.9325
Daging Sapi Paha Belakang,04/01/22,126610.7495
Daging Sapi Paha Belakang,05/01/22,126488.2005
Daging Sapi Paha Belakang,06/01/22,126400.7822
Daging Sapi Paha Belakang,07/01/22,126350.7705
Daging Sapi Paha Belakang,08/01/22,
Daging Sapi Paha Belakang,09/01/22,
Daging Sapi Paha Belakang,10/01/22,126544.1645
Daging Sapi Paha Belakang,11/01/22,126809.6874
Daging Sapi Paha Belakang,12/01/22,127038.4456
Daging Sapi Paha Belakang,13/01/22,126899.5567
Daging Sapi Paha Belakang,14/01/22,126617.2037
Daging Sapi Paha Belakang,15/01/22,
Daging Sapi Paha Belakang,16/01/22,
Daging Sapi Paha Belakang,17/01/22,126484.8264
Daging Sapi Paha Belakang,18/01/22,126453.2236
Daging Sapi Paha Belakang,19/01/22,126199.9556
Daging Sapi Paha Belakang,20/01/22,126473.0649
Daging Sapi Paha Belakang,21/01/22,126575.7726
Daging Sapi Paha Belakang,22/01/22,
Daging Sapi Paha Belakang,23/01/22,
Daging Sapi Paha Belakang,24/01/22,126589.6125
Daging Sapi Paha Belakang,25/01/22,126487.4883
Daging Sapi Paha Belakang,26/01/22,126659.0569
Daging Sapi Paha Belakang,27/01/22,126660.6909
Daging Sapi Paha Belakang,28/01/22,126644.3511
Daging Sapi Paha Belakang,29/01/22,
Daging Sapi Paha Belakang,30/01/22,
Daging Sapi Paha Belakang,31/01/22,127024.253
Daging Sapi Paha Belakang,01/02/22,
Daging Sapi Paha Belakang,02/02/22,126773.7862
Daging Sapi Paha Belakang,03/02/22,126895.1681
Daging Sapi Paha Belakang,04/02/22,126919.6779
Daging Sapi Paha Belakang,05/02/22,
Daging Sapi Paha Belakang,06/02/22,
Daging Sapi Paha Belakang,07/02/22,127005.1704
Daging Sapi Paha Belakang,08/02/22,127112.4883
Daging Sapi Paha Belakang,09/02/22,127073.6811
Daging Sapi Paha Belakang,10/02/22,127067.1452
Daging Sapi Paha Belakang,11/02/22,127139.4246
Daging Sapi Paha Belakang,12/02/22,
Daging Sapi Paha Belakang,13/02/22,
Daging Sapi Paha Belakang,14/02/22,127064.2367
Daging Sapi Paha Belakang,15/02/22,127074.7409
Daging Sapi Paha Belakang,16/02/22,127174.1807
Daging Sapi Paha Belakang,17/02/22,127179.0826
Daging Sapi Paha Belakang,18/02/22,127165.6022
Daging Sapi Paha Belakang,19/02/22,
Daging Sapi Paha Belakang,20/02/22,
Daging Sapi Paha Belakang,21/02/22,127268.5434
Daging Sapi Paha Belakang,22/02/22,127246.1928
Daging Sapi Paha Belakang,23/02/22,127351.585
Daging Sapi Paha Belakang,24/02/22,127038.1565
Daging Sapi Paha Belakang,25/02/22,127379.8839
Daging Sapi Paha Belakang,26/02/22,
Daging Sapi Paha Belakang,27/02/22,
Daging Sapi Paha Belakang,28/02/22,
Daging Sapi Paha Belakang,01/03/22,127951.2582
Daging Sapi Paha Belakang,02/03/22,128094.4409
Daging Sapi Paha Belakang,03/03/22,
Daging Sapi Paha Belakang,04/03/22,127738.7932
Daging Sapi Paha Belakang,05/03/22,
Daging Sapi Paha Belakang,06/03/22,
Daging Sapi Paha Belakang,07/03/22,129302.7743
Daging Sapi Paha Belakang,08/03/22,128962.515
Daging Sapi Paha Belakang,09/03/22,128981.0831
Daging Sapi Paha Belakang,10/03/22,128853.335
Daging Sapi Paha Belakang,11/03/22,129186.1782
Daging Sapi Paha Belakang,12/03/22,
Daging Sapi Paha Belakang,13/03/22,
Daging Sapi Paha Belakang,14/03/22,129352.622
Daging Sapi Paha Belakang,15/03/22,129335.4068
Daging Sapi Paha Belakang,16/03/22,129319.0436
Daging Sapi Paha Belakang,17/03/22,129324.354
Daging Sapi Paha Belakang,18/03/22,129369.2887
Daging Sapi Paha Belakang,19/03/22,
Daging Sapi Paha Belakang,20/03/22,
Daging Sapi Paha Belakang,21/03/22,129387.5543
Daging Sapi Paha Belakang,22/03/22,129067.9056
Daging Sapi Paha Belakang,23/03/22,128992.4796
Daging Sapi Paha Belakang,24/03/22,129024.3097
Daging Sapi Paha Belakang,25/03/22,129496.4607
Daging Sapi Paha Belakang,26/03/22,
Daging Sapi Paha Belakang,27/03/22,
Daging Sapi Paha Belakang,28/03/22,129646.5996
Daging Sapi Paha Belakang,29/03/22,129902.1488
Daging Sapi Paha Belakang,30/03/22,130662.4196
Daging Sapi Paha Belakang,31/03/22,131298.624
Daging Sapi Paha Belakang,01/04/22,132118.6521
Daging Sapi Paha Belakang,02/04/22,
Daging Sapi Paha Belakang,03/04/22,
Daging Sapi Paha Belakang,04/04/22,131475.5323
Daging Sapi Paha Belakang,05/04/22,131590.548
Daging Sapi Paha Belakang,06/04/22,131883.6789
Daging Sapi Paha Belakang,07/04/22,132338.5692
Daging Sapi Paha Belakang,08/04/22,132261.3925
Daging Sapi Paha Belakang,09/04/22,
Daging Sapi Paha Belakang,10/04/22,
Daging Sapi Paha Belakang,11/04/22,132329.3674
Daging Sapi Paha Belakang,12/04/22,132372.2596
Daging Sapi Paha Belakang,13/04/22,132622.0367
Daging Sapi Paha Belakang,14/04/22,132376.9387
Daging Sapi Paha Belakang,15/04/22,124166.6667
Daging Sapi Paha Belakang,16/04/22,
Daging Sapi Paha Belakang,17/04/22,
Daging Sapi Paha Belakang,18/04/22,133096.6914
Daging Sapi Paha Belakang,19/04/22,133018.0703
Daging Sapi Paha Belakang,20/04/22,133606.6266
Daging Sapi Paha Belakang,21/04/22,133148.4683
Daging Sapi Paha Belakang,22/04/22,133725.405
Daging Sapi Paha Belakang,23/04/22,
Daging Sapi Paha Belakang,24/04/22,
Daging Sapi Paha Belakang,25/04/22,135372.0778
Daging Sapi Paha Belakang,26/04/22,136178.3058
Daging Sapi Paha Belakang,27/04/22,136823.0411
Daging Sapi Paha Belakang,28/04/22,139639.7608
Daging Sapi Paha Belakang,29/04/22,141962.0321
Daging Sapi Paha Belakang,30/04/22,145932.3529
Daging Sapi Paha Belakang,01/05/22,149785.2941
Daging Sapi Paha Belakang,02/05/22,
Daging Sapi Paha Belakang,03/05/22,
Daging Sapi Paha Belakang,04/05/22,143662.2995
Daging Sapi Paha Belakang,05/05/22,142631.6993
Daging Sapi Paha Belakang,06/05/22,142295.9893
Daging Sapi Paha Belakang,07/05/22,141667.6471
Daging Sapi Paha Belakang,08/05/22,140835.2941
Daging Sapi Paha Belakang,09/05/22,138071.5486
Daging Sapi Paha Belakang,10/05/22,137831.5329
Daging Sapi Paha Belakang,11/05/22,137732.9852
Daging Sapi Paha Belakang,12/05/22,137266.6915
Daging Sapi Paha Belakang,13/05/22,136899.2427
Daging Sapi Paha Belakang,14/05/22,
Daging Sapi Paha Belakang,15/05/22,
Daging Sapi Paha Belakang,16/05/22,
Daging Sapi Paha Belakang,17/05/22,136290.9911
Daging Sapi Paha Belakang,18/05/22,136318.7132
Daging Sapi Paha Belakang,19/05/22,136188.4027
Daging Sapi Paha Belakang,20/05/22,136359.773
Daging Sapi Paha Belakang,21/05/22,
Daging Sapi Paha Belakang,22/05/22,
Daging Sapi Paha Belakang,23/05/22,135578.157
Daging Sapi Paha Belakang,24/05/22,135233.7942
Daging Sapi Paha Belakang,25/05/22,135542.822
Daging Sapi Paha Belakang,26/05/22,
Daging Sapi Paha Belakang,27/05/22,135637.71
Daging Sapi Paha Belakang,28/05/22,
Daging Sapi Paha Belakang,29/05/22,
Daging Sapi Paha Belakang,30/05/22,135919.5727
Daging Sapi Paha Belakang,31/05/22,135940.796
Daging Sapi Paha Belakang,01/06/22,
Daging Sapi Paha Belakang,02/06/22,135187.9551
Daging Sapi Paha Belakang,03/06/22,135036.3006
Daging Sapi Paha Belakang,04/06/22,
Daging Sapi Paha Belakang,05/06/22,
Daging Sapi Paha Belakang,06/06/22,135290.8962
Daging Sapi Paha Belakang,07/06/22,135245.7282
Daging Sapi Paha Belakang,08/06/22,135405.0419
Daging Sapi Paha Belakang,09/06/22,135390.5588
Daging Sapi Paha Belakang,10/06/22,135441.5392
Daging Sapi Paha Belakang,11/06/22,
Daging Sapi Paha Belakang,12/06/22,
Daging Sapi Paha Belakang,13/06/22,135481.5719
Daging Sapi Paha Belakang,14/06/22,135381.1984
Daging Sapi Paha Belakang,15/06/22,135879.3602
Daging Sapi Paha Belakang,16/06/22,135821.7621
Daging Sapi Paha Belakang,17/06/22,135779.8912
Daging Sapi Paha Belakang,18/06/22,
Daging Sapi Paha Belakang,19/06/22,
Daging Sapi Paha Belakang,20/06/22,135468.8395
Daging Sapi Paha Belakang,21/06/22,135742.1238
Daging Sapi Paha Belakang,22/06/22,135880.3628
Daging Sapi Paha Belakang,23/06/22,135795.4539
Daging Sapi Paha Belakang,24/06/22,135742.4554
Daging Sapi Paha Belakang,25/06/22,
Daging Sapi Paha Belakang,26/06/22,
Daging Sapi Paha Belakang,27/06/22,135826.5686
Daging Sapi Paha Belakang,28/06/22,135500.4025
Daging Sapi Paha Belakang,29/06/22,135818.3297
Daging Sapi Paha Belakang,30/06/22,135926.1728
Daging Sapi Paha Belakang,01/07/22,135796.8836
Daging Sapi Paha Belakang,02/07/22,
Daging Sapi Paha Belakang,03/07/22,
Daging Sapi Paha Belakang,04/07/22,135780.427
Daging Sapi Paha Belakang,05/07/22,135764.4957
Daging Sapi Paha Belakang,06/07/22,136359.9725
Daging Sapi Paha Belakang,07/07/22,136971.7149
Daging Sapi Paha Belakang,08/07/22,137928.2458
Daging Sapi Paha Belakang,09/07/22,
Daging Sapi Paha Belakang,10/07/22,
Daging Sapi Paha Belakang,11/07/22,137722.8529
Daging Sapi Paha Belakang,12/07/22,136964.6151
Daging Sapi Paha Belakang,13/07/22,137101.9431
Daging Sapi Paha Belakang,14/07/22,136960.789
Daging Sapi Paha Belakang,15/07/22,136866.649
Daging Sapi Paha Belakang,16/07/22,
Daging Sapi Paha Belakang,17/07/22,
Daging Sapi Paha Belakang,18/07/22,136767.8459
Daging Sapi Paha Belakang,19/07/22,136609.5189
Daging Sapi Paha Belakang,20/07/22,136360.8558
Daging Sapi Paha Belakang,21/07/22,136189.2872
Daging Sapi Paha Belakang,22/07/22,136189.2872
Daging Sapi Paha Belakang,23/07/22,
Daging Sapi Paha Belakang,24/07/22,
Daging Sapi Paha Belakang,25/07/22,135928.2578
Daging Sapi Paha Belakang,26/07/22,135846.5584
Daging Sapi Paha Belakang,27/07/22,135809.7937
Daging Sapi Paha Belakang,28/07/22,135809.7937
Daging Sapi Paha Belakang,29/07/22,135883.3231
Daging Sapi Paha Belakang,30/07/22,
Daging Sapi Paha Belakang,31/07/22,
Daging Sapi Paha Belakang,01/08/22,135871.0682
Daging Sapi Paha Belakang,02/08/22,135858.8133
Daging Sapi Paha Belakang,03/08/22,135706.5555
Daging Sapi Paha Belakang,04/08/22,135784.1698
Daging Sapi Paha Belakang,05/08/22,135681.2287
Daging Sapi Paha Belakang,06/08/22,
Daging Sapi Paha Belakang,07/08/22,
Daging Sapi Paha Belakang,08/08/22,135578.2755
Daging Sapi Paha Belakang,09/08/22,135533.6327
Daging Sapi Paha Belakang,10/08/22,135654.0928
Daging Sapi Paha Belakang,11/08/22,135717.8183
Daging Sapi Paha Belakang,12/08/22,135542.1647
Daging Sapi Paha Belakang,13/08/22,
Daging Sapi Paha Belakang,14/08/22,
Daging Sapi Paha Belakang,15/08/22,135603.4392
Daging Sapi Paha Belakang,16/08/22,135459.6218
Daging Sapi Paha Belakang,17/08/22,
Daging Sapi Paha Belakang,18/08/22,135448.8988
Daging Sapi Paha Belakang,19/08/22,135639.3199
Daging Sapi Paha Belakang,20/08/22,
Daging Sapi Paha Belakang,21/08/22,
Daging Sapi Paha Belakang,22/08/22,135444.4707
Daging Sapi Paha Belakang,23/08/22,135452.4082
Daging Sapi Paha Belakang,24/08/22,135427.8983
Daging Sapi Paha Belakang,25/08/22,135427.8983
Daging Sapi Paha Belakang,26/08/22,135427.8983
Daging Sapi Paha Belakang,27/08/22,
Daging Sapi Paha Belakang,28/08/22,
Daging Sapi Paha Belakang,29/08/22,135303.7153
Daging Sapi Paha Belakang,30/08/22,135621.0059
Daging Sapi Paha Belakang,31/08/22,135657.7706
Daging Sapi Paha Belakang,01/09/22,135760.2754
Daging Sapi Paha Belakang,02/09/22,135613.2166
Daging Sapi Paha Belakang,03/09/22,
Daging Sapi Paha Belakang,04/09/22,
Daging Sapi Paha Belakang,05/09/22,135401.6153
Daging Sapi Paha Belakang,06/09/22,135393.4454
Daging Sapi Paha Belakang,07/09/22,135585.4388
Daging Sapi Paha Belakang,08/09/22,135798.8969
Daging Sapi Paha Belakang,09/09/22,135864.2564
Daging Sapi Paha Belakang,10/09/22,
Daging Sapi Paha Belakang,11/09/22,
Daging Sapi Paha Belakang,12/09/22,135768.4454
Daging Sapi Paha Belakang,13/09/22,135828.4944
Daging Sapi Paha Belakang,14/09/22,135785.9862
Daging Sapi Paha Belakang,15/09/22,135687.5969
Daging Sapi Paha Belakang,16/09/22,135788.66
Daging Sapi Paha Belakang,17/09/22,
Daging Sapi Paha Belakang,18/09/22,
Daging Sapi Paha Belakang,19/09/22,135648.1371
Daging Sapi Paha Belakang,20/09/22,135894.5442
Daging Sapi Paha Belakang,21/09/22,135848.8111
Daging Sapi Paha Belakang,22/09/22,135946.8504
Daging Sapi Paha Belakang,23/09/22,136017.5448
Daging Sapi Paha Belakang,24/09/22,
Daging Sapi Paha Belakang,25/09/22,
Daging Sapi Paha Belakang,26/09/22,135816.1314
Daging Sapi Paha Belakang,27/09/22,135816.1314
Daging Sapi Paha Belakang,28/09/22,135796.9566
Daging Sapi Paha Belakang,29/09/22,135784.7017
Daging Sapi Paha Belakang,30/09/22,135830.2199
Daging Sapi Paha Belakang,01/10/22,
Daging Sapi Paha Belakang,02/10/22,
Daging Sapi Paha Belakang,03/10/22,135782.3674
Daging Sapi Paha Belakang,04/10/22,135863.8333
Daging Sapi Paha Belakang,05/10/22,135806.8772
Daging Sapi Paha Belakang,06/10/22,135888.5766
Daging Sapi Paha Belakang,07/10/22,135789.7203
Daging Sapi Paha Belakang,08/10/22,
Daging Sapi Paha Belakang,09/10/22,
Daging Sapi Paha Belakang,10/10/22,135757.536
Daging Sapi Paha Belakang,11/10/22,135756.719
Daging Sapi Paha Belakang,12/10/22,135638.255
Daging Sapi Paha Belakang,13/10/22,135723.4557
Daging Sapi Paha Belakang,14/10/22,135707.6994
Daging Sapi Paha Belakang,15/10/22,
Daging Sapi Paha Belakang,16/10/22,
Daging Sapi Paha Belakang,17/10/22,135560.6406
Daging Sapi Paha Belakang,18/10/22,135552.4706
Daging Sapi Paha Belakang,19/10/22,135356.3922
Daging Sapi Paha Belakang,20/10/22,135626.0001
Daging Sapi Paha Belakang,21/10/22,135773.0589
Daging Sapi Paha Belakang,22/10/22,
Daging Sapi Paha Belakang,23/10/22,
Daging Sapi Paha Belakang,24/10/22,135740.7362
Daging Sapi Paha Belakang,25/10/22,135832.6479
Daging Sapi Paha Belakang,26/10/22,135832.6479
Daging Sapi Paha Belakang,27/10/22,135712.3293
Daging Sapi Paha Belakang,28/10/22,135719.68
Daging Sapi Paha Belakang,29/10/22,
Daging Sapi Paha Belakang,30/10/22,
Daging Sapi Paha Belakang,31/10/22,136053.1248
Daging Sapi Paha Belakang,01/11/22,135982.1164
Daging Sapi Paha Belakang,02/11/22,135963.734
Daging Sapi Paha Belakang,03/11/22,135951.4791
Daging Sapi Paha Belakang,04/11/22,135991.5118
Daging Sapi Paha Belakang,05/11/22,
Daging Sapi Paha Belakang,06/11/22,
Daging Sapi Paha Belakang,07/11/22,135986.6098
Daging Sapi Paha Belakang,08/11/22,135962.1
Daging Sapi Paha Belakang,09/11/22,136006.2177
Daging Sapi Paha Belakang,10/11/22,136005.9971
Daging Sapi Paha Belakang,11/11/22,136009.8941
Daging Sapi Paha Belakang,12/11/22,
Daging Sapi Paha Belakang,13/11/22,
Daging Sapi Paha Belakang,14/11/22,136126.3157
Daging Sapi Paha Belakang,15/11/22,136055.1883
Daging Sapi Paha Belakang,16/11/22,136223.1049
Daging Sapi Paha Belakang,17/11/22,136221.9285
Daging Sapi Paha Belakang,18/11/22,136197.4187
Daging Sapi Paha Belakang,19/11/22,
Daging Sapi Paha Belakang,20/11/22,
Daging Sapi Paha Belakang,21/11/22,136130.1281
Daging Sapi Paha Belakang,22/11/22,136112.9712
Daging Sapi Paha Belakang,23/11/22,136244.2738
Daging Sapi Paha Belakang,24/11/22,136387.0434
Daging Sapi Paha Belakang,25/11/22,136465.4747
Daging Sapi Paha Belakang,26/11/22,
Daging Sapi Paha Belakang,27/11/22,
Daging Sapi Paha Belakang,28/11/22,136451.9944
Daging Sapi Paha Belakang,29/11/22,136470.3767
Daging Sapi Paha Belakang,30/11/22,136445.8669
Daging Sapi Paha Belakang,01/12/22,136339.3288
Daging Sapi Paha Belakang,01/12/22,136339.3288
Daging Sapi Paha Belakang,02/12/22,136581.4507
Daging Sapi Paha Belakang,02/12/22,136581.4507
Daging Sapi Paha Belakang,03/12/22,
Daging Sapi Paha Belakang,03/12/22,
Daging Sapi Paha Belakang,04/12/22,
Daging Sapi Paha Belakang,04/12/22,
Daging Sapi Paha Belakang,05/12/22,136673.3624
Daging Sapi Paha Belakang,05/12/22,136673.3624
Daging Sapi Paha Belakang,06/12/22,136711.3772
Daging Sapi Paha Belakang,06/12/22,136711.3772
Daging Sapi Paha Belakang,07/12/22,136769.5879
Daging Sapi Paha Belakang,07/12/22,136769.5879
Daging Sapi Paha Belakang,08/12/22,136774.1835
Daging Sapi Paha Belakang,08/12/22,136774.1835
Daging Sapi Paha Belakang,09/12/22,136627.1247
Daging Sapi Paha Belakang,09/12/22,136627.1247
Daging Sapi Paha Belakang,10/12/22,
Daging Sapi Paha Belakang,10/12/22,
Daging Sapi Paha Belakang,11/12/22,
Daging Sapi Paha Belakang,11/12/22,
Daging Sapi Paha Belakang,12/12/22,136830.8624
Daging Sapi Paha Belakang,12/12/22,136830.8624
Daging Sapi Paha Belakang,13/12/22,136811.2546
Daging Sapi Paha Belakang,13/12/22,136811.2546
Daging Sapi Paha Belakang,14/12/22,136877.4311
Daging Sapi Paha Belakang,14/12/22,136877.4311
Daging Sapi Paha Belakang,15/12/22,136928.8771
Daging Sapi Paha Belakang,15/12/22,136928.8771
Daging Sapi Paha Belakang,16/12/22,136895.1762
Daging Sapi Paha Belakang,16/12/22,136895.1762
Daging Sapi Paha Belakang,17/12/22,
Daging Sapi Paha Belakang,17/12/22,
Daging Sapi Paha Belakang,18/12/22,
Daging Sapi Paha Belakang,18/12/22,
Daging Sapi Paha Belakang,19/12/22,136857.7987
Daging Sapi Paha Belakang,19/12/22,136857.7987
Daging Sapi Paha Belakang,20/12/22,136874.1439
Daging Sapi Paha Belakang,20/12/22,136874.1439
Daging Sapi Paha Belakang,21/12/22,136962.3792
Daging Sapi Paha Belakang,21/12/22,136962.3792
Daging Sapi Paha Belakang,22/12/22,137058.5245
Daging Sapi Paha Belakang,22/12/22,137058.5245
Daging Sapi Paha Belakang,23/12/22,137327.9254
Daging Sapi Paha Belakang,23/12/22,137327.9254
Daging Sapi Paha Belakang,24/12/22,
Daging Sapi Paha Belakang,24/12/22,
Daging Sapi Paha Belakang,25/12/22,
Daging Sapi Paha Belakang,25/12/22,
Daging Sapi Paha Belakang,26/12/22,137503.0538
Daging Sapi Paha Belakang,26/12/22,137503.0538
Daging Sapi Paha Belakang,27/12/22,137558.8136
Daging Sapi Paha Belakang,27/12/22,137558.8136
Daging Sapi Paha Belakang,28/12/22,137678.4103
Daging Sapi Paha Belakang,28/12/22,137678.4103
Daging Sapi Paha Belakang,29/12/22,137618.974
Daging Sapi Paha Belakang,29/12/22,137618.974
Daging Sapi Paha Belakang,30/12/22,137739.7723
Daging Sapi Paha Belakang,30/12/22,137739.7723
Daging Sapi Paha Belakang,31/12/22,
Daging Sapi Paha Belakang,31/12/22,
